UUID,Title,"First Name","Last Name","Street Address",Barangay,Municipality,Province,Country,"Phone Number","Mobile Number","Company Name","Company Website","Job Title","Favorite Color",Birthdate,"Email Address",Password
4d5e7bdd-c0c5-3823-b388-b6a34071ee30,Dr.,Kevin,Hammes,"32 Borer Corner Apt. 114","Apt. 285","Sorsogon City",Iowa,Tonga,723-433-121,"(0974) 690-1581","Reynolds, Corwin and Rogahn",auer.org,"Law Clerk",Black,1989-07-31,al.hickle@gmail.com,pi&nK+i7|sk
09f38250-9312-3c28-9211-7d62600e8333,Mr.,Rosina,Carter,"67 Bahringer Plaza Apt. 051","Suite 568","General Santos",Ohio,Macao,580-361-116,"+63 (974) 268-4612",Baumbach-Dibbert,ernser.com,"Industrial Safety Engineer",MediumPurple,2004-09-12,jamir35@gmail.com,v-25^H'.&/'3yj|
d26ae681-aabe-3367-8f9c-62c16ec10740,Mrs.,Dayton,Mante,"14A/72 Sawayn Camp","Apt. 387",Naga,"South Dakota","Russian Federation",924-796-932,"+63 (923) 964-6931","Zboncak Ltd",rice.com,"Technical Writer",DeepPink,1981-08-19,alynch@hane.com,&DqXLLawR
d7214c39-fefc-305b-94ce-ad4facb31874,Dr.,Kathlyn,Weissnat,"85/66 Sipes Summit Apt. 892","Apt. 888",Tandag,Vermont,Montenegro,227-074-162,"+63 (916) 154-7268","Bartell PLC",herman.biz,"Event Planner",LightSteelBlue,1972-01-04,iliana.krajcik@hotmail.com,P&dD_dpFzsibhN6->08d
b8df248c-01c7-349f-98df-5b65ca699bc0,Mr.,Elmo,Dicki,"28A Johnston Spur","Apt. 927",Sagay,Maryland,Samoa,472-627-558,"+63 (909) 898-3717","Klocko, Bauch and Ortiz",williamson.com,"Welder and Cutter",Khaki,1984-01-28,konopelski.giles@yahoo.com,"riNyE""NT#'8BRwm6_h;"
5e9ec438-3317-3263-afec-f2b2250cb182,Ms.,Vivienne,Goldner,"74/59 Schulist Land Apt. 124","Apt. 552",Tanauan,Illinois,France,079-095-026,"+63 (919) 540-2263","Gerlach, Kuhic and Bruen",boehm.com,Bookbinder,MistyRose,2022-07-31,owiegand@yahoo.com,"d""ai""Z-#r"
c6dbf1bb-f686-30a6-a135-6f88754b6738,Miss,Jeramie,Gutmann,"82/88 Prosacco Isle Suite 319","Suite 091",Bacolod,Oregon,Qatar,577-995-154,"+63 (909) 987-8396","McCullough, Tillman and Feil",paucek.info,Housekeeper,PaleVioletRed,2011-03-01,phammes@lehner.net,0A&x0y
b79fc107-0b2d-36ae-87a0-85954439b35f,Miss,Valerie,Mueller,"16 O'Connell Row","Apt. 461",Bago,"North Dakota","Saint Barthelemy",743-707-831,"+63 (946) 312-7961","Kihn LLC",graham.com,"Private Household Cook",Navy,1981-06-20,roscoe01@gmail.com,"O)bL`majmk,5"
b60185f2-e802-3ec1-98e5-a4d12d41fba7,Mr.,Kenny,Volkman,"80A/36 Gutkowski Shoal Suite 430","Suite 802","Las Piñas","New Hampshire",Guam,482-357-640,"(0937) 725-4816",Kautzer-Stark,satterfield.com,"Postal Service Clerk",PaleVioletRed,2014-09-07,rogelio63@cartwright.org,#Cn@GIH4n8'yiuP
602b3eb3-8b1c-3347-8fec-5d6b8ba80281,Mr.,Russell,Wiza,"67 Beier Keys","Apt. 257",Gapan,Nevada,Maldives,794-418-053,"+63 (977) 870-1185",Lang-Vandervort,krajcik.org,"Makeup Artists",OrangeRed,2009-08-30,heaney.etha@hills.net,Ll}m>x6
e114f61b-a1b1-3256-a7d2-b897454fe3c1,Mr.,Erin,Hirthe,"11A/91 Bergnaum Trail","Suite 073",Dapitan,Pennsylvania,Japan,637-487-042,"(0974) 680-4141","Auer, Lynch and Stark",hettinger.com,"Social Scientists",Magenta,1979-11-25,helga50@hane.com,'eEM7w<A
683caf14-b23d-3fd3-9fe6-b8c7704d5b81,Dr.,Josephine,Kreiger,"43A/64 Rippin Islands Suite 364","Suite 724",Caloocan,"New Hampshire",Greece,916-039-399,"+63 (906) 010-3829",Kuhlman-Lang,ullrich.com,Biochemist,Cyan,2013-01-05,madyson.kirlin@gmail.com,")$_^_A,BygdF"
12ac0f25-5bdb-3ebc-ac75-161227eea4b5,Mr.,Jazmin,Thompson,"13A Hudson Divide Suite 794","Suite 347",Digos,Illinois,Reunion,563-257-081,"+63 (936) 896-3716","Hamill LLC",rempel.org,"Welfare Eligibility Clerk",Wheat,2012-11-13,nnikolaus@auer.com,"LfqbUo.GQ6\|KI6>d,8|"
a383c46e-4389-3e74-ae9e-4c71a6a836c9,Ms.,Magali,Weissnat,"93/13 Bode Isle","Suite 618",Gapan,"South Carolina","United States Virgin Islands",451-124-878,"(0996) 855-4331",Crooks-Kessler,ohara.biz,Geoscientists,MediumTurquoise,1993-06-07,teichmann@casper.org,Wsj>{[P>)EfJd0'
a20e8a8a-a6b4-3138-9d75-fee802ca98ef,Mr.,Nathan,Mann,"71 Hoppe Walks","Suite 954",Mandaue,"North Dakota","Burkina Faso",414-432-698,"(0931) 323-6617","Kozey, Balistreri and Sauer",rolfson.biz,"English Language Teacher",Red,2022-02-13,johns.selina@bechtelar.com,2TOBp@IR+k.m
1933d8de-151e-3724-80c6-9de8e6ca0a25,Prof.,Denis,O'Conner,"96A/30 Kessler Mountain Suite 061","Apt. 272",Vigan,Maryland,"Marshall Islands",178-934-687,"+63 (938) 737-8152","Hartmann, Deckow and Bartell",feil.com,"Production Planning",DarkGray,1987-02-18,yveum@gmail.com,>8ue^t
939c460c-e843-333b-b1db-2a43207505f7,Mr.,Ollie,Windler,"52A Lemke Road","Suite 320",Batac,Mississippi,Greece,866-660-507,"+63 (813) 903-6068","Jenkins, Pollich and Champlin",price.com,"Shoe Machine Operators",LightPink,2008-07-18,boehm.marge@stracke.com,^9f!R&{|q0A
ab955d40-6bec-3cd0-a497-f8da200c24e6,Ms.,Matilde,Mann,"80A/42 Connelly Divide Suite 412","Apt. 588",Cauayan,Utah,Bahamas,251-282-444,"(0977) 878-4398","Morissette PLC",blanda.org,"Tank Car",Magenta,1986-03-02,antonina.strosin@gmail.com,hQTWR*tx9r0-}
4c6b1b9a-c62f-3928-bc86-9fca4156dace,Prof.,Mariah,Torphy,"20 Nikolaus Via Suite 418","Apt. 219",Dapitan,Utah,"Papua New Guinea",006-051-346,"(0946) 598-4526",Tillman-Schultz,deckow.com,"Parking Lot Attendant",BurlyWood,1990-12-30,jerald.wilderman@gmail.com,?kSJ$%zL
92afe3c8-886c-3784-9e44-2917bbc675ed,Dr.,Moises,Glover,"29 Christiansen Hills","Suite 241",Sagay,Montana,Korea,323-295-816,"+63 (948) 479-3450","Renner, Bernier and Kuvalis",ohara.com,"Software Engineer",Green,2017-07-30,ryan23@hotmail.com,'Z<VSr
44eec14d-77d5-37c2-b4d2-7ea9b12bd6b6,Prof.,Cory,Legros,"14A Parisian Points Suite 273","Apt. 960",Ormoc,Indiana,"Czech Republic",744-366-734,"+63 (909) 230-9896",Hoeger-Howe,goldner.com,"Industrial Engineering Technician",GhostWhite,1998-05-16,jcremin@hotmail.com,c_`qoiX6lkm9bZn0U}
eb50c0ec-77db-3bbe-bbec-512892fa0199,Prof.,Rhiannon,Heathcote,"63A/15 Wisozk Prairie","Suite 338",Kabankalan,Nebraska,Kazakhstan,844-742-667,"+63 (996) 031-5271","Witting Ltd",waters.net,"Environmental Compliance Inspector",Yellow,1993-06-14,hartmann.edgardo@yahoo.com,R`d+.-8't:lnSUS85U
cc7508b4-1414-3418-bd7b-56bab4c8bbff,Dr.,Christopher,Lesch,"66/45 Hansen Meadow","Apt. 097","Tarlac City",Iowa,"Falkland Islands (Malvinas)",388-234-958,"(0817) 297-7178",Von-Bradtke,bayer.com,"Counseling Psychologist",MediumAquaMarine,2006-11-22,mlind@hotmail.com,t[2i;Um7u
34bb7609-a12f-373f-bb95-8911fff76371,Ms.,Landen,Leuschke,"86A Cremin Shoals","Apt. 263",Batac,Maine,"Turks and Caicos Islands",786-861-729,"+63 (943) 135-1462",Smitham-Abshire,mcglynn.com,"Product Management Leader",Orange,2017-08-29,maureen.rogahn@hotmail.com,QtzQS6ObChn
d019589a-3c13-3d60-863b-3b027f20fb8d,Prof.,Susan,Thiel,"71A Yost Mills","Apt. 971",Iligan,Montana,Guinea-Bissau,888-610-078,"(0974) 810-1738","Grimes LLC",ankunding.com,Welder,MediumSlateBlue,1994-10-29,bhilpert@yahoo.com,JNRx||6%]R
c625cdac-dd3c-398f-88f6-e36e512b1c19,Dr.,Maia,Cruickshank,"64/27 Windler Road","Suite 070",Digos,Oregon,"South Georgia and the South Sandwich Islands",298-912-154,"(0949) 368-1489","Hartmann, Hane and Emmerich",thiel.com,"Computer Operator",Yellow,2016-02-02,gilda29@kozey.com,?A=PHEEz=}f76WI
e2cebb9c-8af5-3e57-a008-91c1170923bb,Mr.,Prudence,Quitzon,"02A/69 Bogan Valleys Suite 834","Suite 740","San Fernando",Michigan,Montenegro,623-535-443,"(0923) 820-4306","Greenfelder, Bruen and Welch",wintheiser.com,"Engineering Technician",Navy,2004-08-20,candice26@gmail.com,"0I\U_2Zx"
1ea15ca4-f0b5-310c-9213-57eea54b60eb,Prof.,Einar,Towne,"94/31 Nolan Avenue","Suite 286","San Pablo",Georgia,Venezuela,994-085-632,"(0923) 786-4468","Von, Hettinger and Quitzon",hamill.com,"Gluing Machine Operator",DarkMagenta,1984-12-28,wolf.mike@reichert.com,&pN`M{l
94aa3342-ee3e-306a-b777-bf46a9079bab,Prof.,Maxwell,Lynch,"84A Medhurst Ridge Suite 303","Suite 918",Vigan,Nebraska,Uganda,245-170-483,"+63 (933) 271-1446",Hettinger-Kilback,buckridge.org,"Irradiated-Fuel Handler",Gray,1980-04-08,feeney.enrique@yahoo.com,{9]FB?:yK^PB
f0d94fc6-dad5-31ae-b154-91bc6d7bfa3b,Mr.,Kamille,Jenkins,"49 Tremblay Glen","Apt. 206",Cabanatuan,"South Dakota",Senegal,513-742-773,"+63 (973) 756-7747","Beier, Prosacco and Hickle",kub.biz,"Home Entertainment Equipment Installer",Tomato,2002-02-14,osinski.tressie@yundt.biz,$y}e(3C
dfd5707f-47d5-3ee9-a6ae-98f80174147a,Prof.,Jaleel,Bayer,"81A Daugherty Cove Apt. 437","Suite 795",Valencia,"South Carolina",Bulgaria,957-486-107,"+63 (927) 366-0025","Little, McDermott and Lind",metz.info,"Psychiatric Aide",MediumAquaMarine,1970-03-17,gutmann.emmanuel@yahoo.com,y-;dr&
010de5a5-570e-3ae8-9599-c763b31b0fa2,Mr.,Candice,Brakus,"29 Beier Turnpike Apt. 866","Apt. 945",Valenzuela,"New Hampshire",Seychelles,938-555-920,"+63 (932) 843-8592","Walter PLC",mcclure.com,"Etcher and Engraver",PowderBlue,1972-05-24,florida.graham@hotmail.com,"~~Z0x[M88L\""
bcd32a0e-54ef-3d85-947a-329892040419,Ms.,Elva,Littel,"45/43 Runolfsdottir Motorway","Apt. 774",Himamaylan,Wisconsin,Comoros,847-802-458,"+63 (936) 708-7646",Gulgowski-Beier,hoeger.biz,"Aircraft Assembler",LemonChiffon,2011-11-19,metz.monica@yahoo.com,.GeGM!wOS@U)
92787d44-ce49-3d04-a036-3ccbfddb6445,Prof.,Terrill,Breitenberg,"28 Swift Freeway","Suite 079",Carcar,Georgia,"Sao Tome and Principe",022-956-518,"(0925) 118-1671",Purdy-Bartell,shields.com,"Shoe and Leather Repairer",AntiqueWhite,2006-09-30,rgutmann@hotmail.com,G_@?S.(zW#3QdV
fa5a0968-b736-3d7f-9d62-a5ba644ec48b,Mrs.,Krystina,Lind,"71/11 Lowe Freeway","Suite 506","General Santos",Arkansas,"Saint Vincent and the Grenadines",797-120-314,"+63 (917) 069-7398","Nitzsche, Roberts and Vandervort",abernathy.com,"Surgical Technologist",DarkGreen,2022-11-14,anya.paucek@gmail.com,8Q~<w2
49006629-6b68-3d01-b743-bb11781b1845,Dr.,Kameron,Bosco,"44 Cremin Grove","Apt. 861",Alaminos,Florida,"Czech Republic",757-333-029,"+63 (943) 754-3006","Schulist, Breitenberg and Schimmel",gutmann.com,"Washing Equipment Operator",RoyalBlue,1982-03-14,arch97@yahoo.com,"UTEdX)tHGpf\m1sh"
4bcbda19-7e5c-3973-96bd-383a70e1e82b,Dr.,Grayce,Balistreri,"77/87 Vandervort Garden Suite 354","Apt. 204",Bogo,Georgia,Tokelau,395-675-958,"+63 (929) 143-2736","Stanton Inc",swaniawski.com,"Highway Patrol Pilot",YellowGreen,1976-03-03,jasmin14@bergstrom.biz,"gpe627#P1s8=Q5}}\a"
c1bbf4c9-5d76-3c46-b4d1-44c7f7cead96,Dr.,Delia,Emmerich,"89/21 McLaughlin Pines Suite 857","Apt. 782",Oroquieta,Minnesota,"Kyrgyz Republic",436-990-826,"(0912) 698-2769",Jones-Schoen,erdman.com,"Manager Tactical Operations",Green,1991-05-12,genevieve64@gmail.com,)nE[asmF2)s/}
96f43906-67e6-3e41-b550-b65c893e152a,Dr.,Maegan,Wiegand,"50A Hegmann Drive Apt. 819","Suite 644",Isabela,Nebraska,Slovenia,287-619-208,"(0999) 764-3282",Stehr-Treutel,kessler.biz,Teacher,Indigo,1986-02-12,zboncak.breanne@jenkins.net,c.u^7$$$%)QkCnNnGi.
091dad01-d4e7-34b9-bda5-5ebf016fe00d,Prof.,Santiago,Stokes,"39A/98 Moore Divide","Suite 677","Las Piñas","New Mexico",Mexico,755-720-029,"+63 (943) 818-5610","Osinski Inc",hudson.net,"Scanner Operator",MediumTurquoise,1984-03-24,terry.pauline@yahoo.com,";#U#/_&Xa\7ZsG.orl"
ab491407-c422-366d-b922-8ca9c4735a3e,Dr.,Alexander,Stiedemann,"16 Kilback Overpass Suite 892","Suite 922",Legazpi,Massachusetts,Kazakhstan,320-903-186,"(0917) 895-0499","Paucek, Herman and Cummings",schaefer.com,"Pipe Fitter",Orchid,1988-10-08,donald63@gmail.com,RYM<C?%*;)PZu1S^4SWp
b8959a5c-56dc-3e56-a0b0-c094371a0eec,Miss,Bridget,Toy,"05A/22 Larkin Creek","Suite 011",Bogo,Wisconsin,Somalia,986-849-893,"+63 (926) 579-5338",Grady-Hill,mcclure.com,"Electromechanical Equipment Assembler",Cyan,2017-08-18,heathcote.ned@jones.com,tOP1.cCB>%o$y1J
aa784d94-b2f3-3760-9eb3-6323525ae4ca,Prof.,Phoebe,Wilderman,"58 Mills Lakes Suite 893","Apt. 841",Calapan,Texas,Tuvalu,771-781-212,"+63 (817) 765-3428","Dicki, Nader and Boehm",von.com,Counselor,OliveDrab,1999-02-19,greenfelder.colin@gmail.com,pJl0ZD.(h>d
1cc0a3a5-a855-3557-8f7f-c34592f5080c,Mr.,Florencio,Bogisich,"24A/12 Kessler Spur","Apt. 517",Ormoc,Maine,Jamaica,657-507-272,"(0917) 039-0630","Waters Ltd",schmeler.info,"Eligibility Interviewer",OldLace,2012-06-07,hailie37@fisher.net,-&0S-Sh*bN<Uw{uJ
215cea73-cfc9-37f4-8410-50135b07349b,Mr.,Alexandria,Jacobson,"68A/90 Strosin Plaza Apt. 379","Apt. 657",Muñoz,"North Dakota","British Indian Ocean Territory (Chagos Archipelago)",856-869-423,"+63 (933) 502-0122","Krajcik, Schaden and Bednar",reilly.com,"Middle School Teacher",Olive,1999-04-07,bernhard24@mertz.net,+v[@2W28mKk;WS;i1
44d2a148-847c-3c7c-bc7e-796ebff86068,Prof.,Dianna,Schowalter,"56/25 Wiza Common Apt. 103","Apt. 024",Talisay,Connecticut,Timor-Leste,369-640-410,"(0932) 594-5714","Mitchell, Schuppe and Jerde",prohaska.info,"Meter Mechanic",DarkCyan,2001-10-08,jaskolski.edwin@hotmail.com,"?FW03f""_]xlqx"
5e0add86-71fa-3cba-9bae-82b9ec5b11df,Miss,Darren,Dickens,"36/88 Batz Fall Apt. 584","Apt. 075",Victorias,Mississippi,"Western Sahara",203-940-322,"(0940) 959-2633","Roberts, Feeney and O'Conner",lubowitz.com,"Sports Book Writer",Cornsilk,1993-10-05,lela82@rolfson.com,"-S+-{>Y)t>{=""S,9R/"
4201ca63-69a0-3080-aa56-f5c69e6e1133,Dr.,Granville,Haley,"88A Mueller Burg Apt. 969","Suite 755",Pagadian,Maine,Tonga,502-163-910,"+63 (932) 949-4481",O'Conner-Hagenes,lockman.com,"Vocational Education Teacher",SandyBrown,2008-09-15,brad08@hotmail.com,?II#^L)5J
91a83844-4b71-35bb-a8c1-247b0ac9f3e5,Dr.,Kiarra,Ondricka,"55A/67 Lind Manor","Suite 081",Naga,Arizona,Uzbekistan,439-614-189,"(0922) 154-1025","Gerlach, Cartwright and Huels",stoltenberg.info,"Reservation Agent OR Transportation Ticket Agent",PapayaWhip,1971-07-06,syble05@hotmail.com,_8Z[%#!o
cde1d22f-4dd0-36c6-ab05-8ee3a971c1f3,Prof.,Clarissa,Johnson,"79 Walter Bridge Suite 129","Suite 346","Sorsogon City",Missouri,"French Guiana",905-829-758,"(0980) 730-0236","Haag Group",bergstrom.info,"Roof Bolters Mining",LightPink,1989-06-04,nrutherford@hotmail.com,"\Uw>Ps3LP'<$b92<N"
199360fb-2da5-3bcd-82b2-d764e8ac9005,Mr.,Retha,O'Hara,"40/69 Monahan Junctions Suite 348","Suite 312","Iloilo City",Iowa,Mayotte,768-295-190,"+63 (813) 266-6434","Gleason, Hintz and Windler",green.net,"Tank Car",Gold,1972-05-07,rtorp@schamberger.com,`cCV)v)?`V%a;=jI*v
f58303af-1667-3af2-85e3-525c59c2ff90,Dr.,Audrey,Pfannerstill,"14A Considine Parkways","Apt. 252",Angeles,Wyoming,Madagascar,964-627-579,"(0927) 339-6575","Hartmann Ltd",murray.info,"Fire-Prevention Engineer",DeepPink,2003-03-26,osporer@yahoo.com,^#b2^tKB
9c4a448b-5b1f-3d60-a332-b4d653130ebd,Mr.,Elsa,Block,"55A Weimann Manor Suite 527","Suite 422",Bais,"Rhode Island",Lithuania,501-402-156,"+63 (935) 672-6240","Kuvalis, Ferry and Beer",hamill.com,"Recreational Therapist",NavajoWhite,2007-04-28,viola.wisozk@yahoo.com,)3(KK+Hd30T.|B~
b836099c-337c-3c9b-ad93-0fdccc9177ac,Dr.,Cade,Toy,"68/25 D'Amore Drive Suite 795","Suite 982",Tayabas,Washington,Qatar,033-625-850,"+63 (915) 182-1154",West-Parisian,cruickshank.com,"Scientific Photographer",DarkGoldenRod,1990-08-30,abshire.lambert@morar.org,Vm~e8'
14713c10-63f8-39dc-93cc-2a24ed8d280a,Dr.,Zakary,Runte,"67/87 Abernathy Square Apt. 836","Apt. 075",Bago,Illinois,"Kyrgyz Republic",781-404-555,"+63 (975) 054-0975","Moen, Osinski and Wunsch",leannon.info,"Night Shift",MediumAquaMarine,1976-06-04,janis42@hodkiewicz.com,Y`EGYlR+;Vn_dl*@
f51b8b21-3d03-3274-b90e-33cf4e79b27a,Mrs.,Justina,Kuhic,"59 Jakubowski Radial","Suite 242","Puerto Princesa",Utah,"Czech Republic",109-951-362,"(0917) 835-7309",White-Heidenreich,adams.net,"Data Processing Equipment Repairer",SandyBrown,2022-08-29,elise.williamson@walker.com,"lI,CD`4)Yo"
d8cdaf58-4f65-3dd2-9e8e-33678c57f784,Mr.,Layne,Spinka,"33A Collier Viaduct Suite 495","Apt. 034",Dagupan,Colorado,Bahrain,090-228-675,"(0912) 519-1173","Schowalter and Sons",rowe.com,"Aircraft Mechanics OR Aircraft Service Technician",LightSlateGray,2020-05-31,sanford.felipe@windler.net,"L1?wLJB;X{*C,j\m47/>"
31a432ee-4615-39cc-9056-4d167c57549a,Dr.,Callie,Herman,"62/37 Kautzer Union Apt. 180","Suite 055",Marawi,"New Hampshire",Israel,441-864-592,"+63 (930) 476-9854",Beatty-Kertzmann,jenkins.com,"Bindery Machine Operator",Cornsilk,1992-06-28,bobby.funk@cole.com,f]+&^:w-*Io/^.U;g
50991727-f4b0-324d-bbde-70c16ed5a93a,Prof.,Jamie,Bayer,"13/97 Volkman Shores","Suite 462",Santiago,"New York",Sweden,680-013-782,"(0937) 362-7796",Gutkowski-Mraz,hane.com,Pipefitter,SandyBrown,1991-01-18,ublick@hotmail.com,"#G,A?Zs0x~i[(gb*=/"
c32b7efa-654c-3a63-9089-60a6881aab61,Dr.,Johnny,King,"46/72 Zulauf Squares","Apt. 447",Tandag,"New York",Greece,671-124-946,"+63 (934) 646-4055","Miller Group",denesik.com,"Industrial Production Manager",LightSeaGreen,1977-01-14,donnie.kemmer@yahoo.com,KlHsQ!Y:om!&47Ak*IR~
b056addf-381d-3081-a066-cbe060233cf7,Dr.,Merl,Terry,"92A/90 Greenholt Street Apt. 778","Suite 160","El Salvador",Florida,"Antarctica (the territory South of 60 deg S)",400-085-302,"+63 (922) 951-2005",Olson-Dach,kunze.com,"Precision Lens Grinders and Polisher",GhostWhite,1977-01-30,hoeger.jaleel@grant.org,p];n&W&
8de60d06-ad8f-3bb6-b1b7-72b5c58fd717,Miss,Kavon,Hagenes,"53 Marks Mission","Suite 672",Lapu-Lapu,"New Hampshire",Yemen,959-638-537,"+63 (989) 856-7807","Labadie Inc",casper.com,"Rock Splitter",BurlyWood,2015-08-21,jarrell.kuhlman@hotmail.com,V6L[-x
77003baa-eeac-38d1-9052-a47defa0a573,Mrs.,Kaleb,Zemlak,"68/21 Daugherty Plains","Suite 684",Laoag,Mississippi,Palau,534-499-282,"(0900) 358-7444",Fritsch-Harris,schaden.net,"Environmental Engineering Technician",DarkSalmon,2001-03-31,durgan.matilda@yahoo.com,A0<FY]lS_@1JVEK
1d715a11-d187-39f5-b5e7-27dad15d491e,Prof.,Irma,Blanda,"39A Predovic Camp","Apt. 222","Cagayan de Oro","District of Columbia",Zimbabwe,635-831-629,"(0910) 728-4331","Wolff, Jast and Cummerata",bogan.biz,"Railroad Conductors",NavajoWhite,2008-09-11,colt37@yahoo.com,&I[%b2YtlOvsHxV)4T0
996e9821-98e7-395e-8d3c-5f3f4938b7fb,Dr.,Allie,Bartell,"32/82 Nikolaus Mission","Suite 575",Lapu-Lapu,Hawaii,"Trinidad and Tobago",837-014-047,"(0916) 501-2583","Tillman Ltd",harvey.net,"Travel Clerk",DarkCyan,1987-04-24,kshlerin.roxanne@hotmail.com,wwuE).[CS~P*0bJ
ad97c6f3-4def-3ffa-8855-d300167f4ce2,Mrs.,Drake,Kozey,"59A/07 Nikolaus Vista","Suite 368",Naga,Tennessee,Mexico,080-229-475,"+63 (910) 581-1661","Gusikowski, Hand and Graham",botsford.net,"Bench Jeweler",PowderBlue,2015-06-24,heather.mitchell@hotmail.com,nu_e!69W
0d756ae3-2ff2-3151-b4fc-01a1d081cd0c,Miss,Cheyanne,Langworth,"69A/90 Koch Passage Apt. 307","Apt. 361",Tangub,Illinois,Cyprus,673-783-409,"+63 (989) 747-1910",King-Torp,spencer.com,"Marine Architect",Gold,1997-06-23,rosetta21@gmail.com,"&vM*V?b\CT)G""'0R"
611cce97-a41a-3b2c-b3f7-3e972b3797fd,Mr.,Clare,Denesik,"91/75 Kunze Plaza","Suite 442",Calamba,"South Dakota","Sierra Leone",377-967-714,"(0971) 366-6540","Harvey, McClure and Crooks",hegmann.com,Roustabouts,Bisque,1984-11-03,hoyt95@baumbach.com,"sMtk""UT{VJy4rvn'UT"
aad59bf2-7542-336a-97bf-35b23d40f4a2,Miss,Antonette,Schowalter,"52 Nitzsche Keys","Apt. 749",Cabuyao,Louisiana,Tajikistan,459-406-969,"(0997) 183-4295","Connelly Group",schamberger.net,"Art Teacher",DarkTurquoise,1971-01-21,hills.blair@walsh.org,"@\$j-;zTclj"
a7dbf9c1-60f3-349c-8162-87008c12e08c,Miss,Garry,Huel,"39/21 Daugherty Motorway","Apt. 088",Palayan,"District of Columbia",Fiji,895-625-494,"(0979) 650-0596",Rowe-Dickens,strosin.com,"Vending Machine Servicer",RoyalBlue,2023-05-29,hank.block@gmail.com,"0bl^RD:?,,8;U]-4d2"""
e726b2b8-ab30-328b-a55a-9f65ad0ba341,Dr.,Aubrey,Fahey,"65/61 Predovic Mission","Suite 289",Catbalogan,"North Dakota","United Kingdom",999-895-562,"+63 (919) 438-3720","Morissette PLC",hammes.net,"Elementary and Secondary School Administrators",Maroon,2023-11-09,alec.crooks@bogisich.net,"u:2JhqS^^d,me(1:\O"
3d0370dd-fe82-3cc2-b23a-07012c3ea72c,Prof.,Fay,Streich,"92A Lesch Forest Apt. 764","Suite 035",Guihulngan,"South Dakota","Equatorial Guinea",270-722-425,"(0938) 190-9340","Sauer, West and Jenkins",padberg.com,"Aircraft Mechanics OR Aircraft Service Technician",Turquoise,1983-10-17,ozella.cruickshank@thompson.com,?l;WWwl/SU.d'
aa99b7dd-7bdc-3239-a248-a7f4cdc10d19,Mr.,Luciano,Kshlerin,"12/72 Osinski Ferry Suite 574","Suite 052",Kidapawan,California,Gabon,173-662-077,"+63 (978) 800-5943","Barrows, Sporer and Kreiger",russel.com,"Supervisor of Customer Service",DarkSalmon,2001-08-05,bode.ofelia@wintheiser.org,imnD.Hw|g
c40eb43d-45bf-3d7d-952f-255e00cba413,Mrs.,Eleazar,Bode,"20A Tillman Inlet","Apt. 473","La Carlota",Michigan,"Antarctica (the territory South of 60 deg S)",165-046-119,"(0922) 452-0077","Prosacco, Ankunding and Langworth",mitchell.com,"Information Systems Manager",BlueViolet,1985-05-05,agreenfelder@herman.com,MM{O}#/1
38c2fb45-3018-3efa-a983-405a8979f9c1,Dr.,Jacques,Wuckert,"55 Schuster Groves","Apt. 430",Mandaue,Indiana,Guernsey,106-512-214,"+63 (920) 121-6777","Lind PLC",emard.info,"Metal Fabricator",Sienna,2001-10-28,schmidt.mckenna@yahoo.com,_s:rAeg9tm0=}LeOrqB
acca10e8-849d-3904-b57f-756de726a367,Prof.,Khalid,Hermann,"13A Hermiston Fields","Suite 084","San Pablo",Tennessee,"Central African Republic",555-128-592,"+63 (936) 475-3297",Strosin-Bechtelar,quitzon.com,"Precision Lens Grinders and Polisher",Wheat,1995-08-11,eva.braun@murphy.info,"?9PVv""qnH"
e99e69ce-f6b5-3f7b-9f75-c75ca692baac,Dr.,Joel,Bode,"22A/29 Cremin Court","Apt. 034",Calamba,Iowa,Botswana,163-201-025,"(0929) 060-8632","Zieme, Schimmel and Collier",crist.net,"Dental Hygienist",LimeGreen,1975-06-10,lcormier@rath.com,`EiamZ
1f302bd0-f037-3334-a9f9-a69a1112f976,Mr.,Shyanne,Armstrong,"21/90 Hermiston Hills Suite 685","Apt. 028","San Fernando",Florida,"Svalbard & Jan Mayen Islands",211-100-254,"+63 (974) 416-2181","Dooley and Sons",strosin.info,"Administrative Services Manager",DeepPink,2014-08-17,volkman.berta@gmail.com,^T)ZiDRrzg<%I}W*
3678d8a3-fc54-3349-921c-51e6b7ed204b,Dr.,Tyrique,Heaney,"02A Mueller Groves Suite 616","Apt. 114","Tarlac City",Maine,"Saint Kitts and Nevis",534-868-727,"(0912) 804-4526",Bode-Hill,abbott.org,"Special Force",BurlyWood,1981-08-27,noemy.murazik@yahoo.com,{$t3m==~w*6E
4fb4d515-8e78-3f52-8e40-a0ae7c0a018c,Prof.,Otilia,Pacocha,"84 Emmerich Camp Apt. 669","Apt. 863",Cadiz,Florida,Myanmar,239-265-140,"+63 (933) 947-4212",Raynor-Kertzmann,haag.org,"Copy Writer",GhostWhite,2019-12-23,terry24@leannon.com,2Bg/HB+F[8FIz
064f8934-a8a3-3f91-bd08-5e7385f0e7a9,Dr.,Tod,Lowe,"99A/91 Roob Forge","Apt. 007",Tuguegarao,Connecticut,Israel,672-478-337,"(0908) 075-8587","McClure, Zulauf and Dicki",goodwin.org,"Communication Equipment Repairer",Snow,1985-08-02,jammie91@herman.net,RCM<x$us$?)VM31ZI
da40d3de-7910-32a1-99a8-d2d513e768cb,Dr.,Kendall,Weissnat,"47/25 Herzog Estate Suite 102","Apt. 096",Baguio,Montana,Belgium,741-353-051,"+63 (907) 966-2955","Hyatt Inc",brown.biz,"Commercial and Industrial Designer",Black,2012-06-11,berniece42@gmail.com,"LFK;%a""nE~ULR"
8cd4c45a-8d50-39f4-9875-90bbca2fa83a,Ms.,Omari,Schaden,"94A Stroman View Suite 326","Apt. 484",Vigan,Mississippi,Niger,787-679-774,"(0948) 348-4570",Morar-Rempel,bailey.com,"Radio Mechanic",FloralWhite,1976-10-17,celine99@gmail.com,2XKZn~[}B!QZ?
602c4b94-9100-3a35-aade-4f3e0fba8e1b,Prof.,Kayla,Hackett,"12/58 Hermiston Meadow Apt. 514","Apt. 170","Las Piñas","North Carolina","Puerto Rico",256-041-353,"+63 (926) 094-4550",Gusikowski-Rempel,bernhard.com,"Food Batchmaker",Linen,2014-08-22,westley73@yahoo.com,00:ONVNi7;)Ex8kI`n
ed38d097-dca9-3b57-ad9d-9842f0aa08d3,Prof.,Alysson,Mills,"66/60 Koelpin Gardens","Suite 829",Meycauayan,Montana,Uzbekistan,713-775-294,"+63 (946) 694-8542","Brekke, Metz and Trantow",tillman.net,"Self-Enrichment Education Teacher",Pink,2001-03-19,vida53@hotmail.com,tnHgoE:$[5ns3p&iHyK
a3ba3a87-6b15-3e9f-b3a0-909482dec2bf,Dr.,Madisyn,Balistreri,"97A Dare Avenue","Apt. 380",Talisay,Nebraska,"Heard Island and McDonald Islands",081-260-390,"+63 (932) 634-2790","D'Amore, Kautzer and Von",crooks.com,"Computer Scientist",Gainsboro,1995-05-02,jessyca05@hotmail.com,"<MUqeQ%O9R&%??\@a[o"
e5c9c7c3-bf2c-34e0-8115-e64800932726,Miss,Van,Ondricka,"75/48 Boyle Knolls Suite 142","Suite 474","San Fernando",Arizona,Yemen,849-365-528,"(0946) 663-1761","Sporer LLC",keeling.com,Geologist,Silver,2018-08-28,nblanda@hotmail.com,"&aCZ\6~0"
20a48c16-a00b-3bff-9df5-f7d07076a7d8,Ms.,Rasheed,Macejkovic,"19A Langworth Drive","Apt. 087","Puerto Princesa",Colorado,"Syrian Arab Republic",692-492-684,"+63 (940) 744-8605",Gerlach-Weissnat,kerluke.com,"Photoengraving Machine Operator",MediumSlateBlue,1997-03-13,uroob@hotmail.com,"T,I.zQfb~#Dl"
ecd28a41-286c-3185-b527-aa5baaa3a5cf,Prof.,Karen,Emmerich,"14A/71 Bergnaum Cliffs Suite 561","Suite 081",Tangub,Connecticut,Chile,307-109-590,"(0912) 577-4009","Becker Ltd",walker.com,"Electrical Parts Reconditioner",Olive,1990-10-11,gerhold.corrine@yahoo.com,"wFXu\.Yrq{$EUV}P"
79dae105-0d5b-3357-962f-fea0304795b7,Mrs.,Willa,Kuphal,"70A Aufderhar Estates Suite 287","Apt. 556",Tandag,Ohio,"Northern Mariana Islands",208-621-563,"+63 (817) 493-3807","Volkman and Sons",hand.com,"Medical Transcriptionist",Violet,2002-06-10,jgreenholt@gmail.com,6%d^4kWf?!*8~IU
a7056f7d-bda0-3eed-8d5c-d9772a4041af,Mr.,Mekhi,Windler,"62/31 Reynolds Forges","Apt. 474",Calapan,Louisiana,"United States of America",225-481-005,"+63 (997) 289-1130","Hauck, White and Herzog",schinner.com,"Photographic Reproduction Technician",LightGreen,1976-11-06,alessandra99@yahoo.com,"Zgz$""D^*uWTH1;"
d730bd68-0288-3279-bf03-e6c43bc6af62,Dr.,Jayson,Schneider,"29A/70 Weissnat Crest","Suite 956","Cagayan de Oro","North Carolina",Indonesia,987-633-967,"(0944) 442-2491","Daugherty, Monahan and Little",abshire.com,"Program Director",OliveDrab,2019-05-21,stark.garfield@swaniawski.info,"\\jjW"""
7b1e8438-bb83-3ed2-95f3-3cf255ea01c0,Miss,Orrin,Conroy,"48A/87 Nicolas Mountain Apt. 534","Suite 264",Pasig,Indiana,"Saint Vincent and the Grenadines",991-650-889,"+63 (921) 876-6686","Gutmann and Sons",cummings.com,"Pastry Chef",DarkCyan,1998-02-28,arely.berge@yahoo.com,H2S50[))KQ^6
4110fe88-c962-358b-9cdd-ed3c68e844c5,Mr.,Jaclyn,Bartoletti,"72/71 Bechtelar Harbors Apt. 749","Suite 722","San Fernando","West Virginia",Qatar,967-460-975,"+63 (916) 382-3759","Howe PLC",breitenberg.com,"Environmental Science Technician",Maroon,2022-01-07,edwina.rice@hotmail.com,Ak_tTnS_.dZ5Jacl6
f39330fc-8cca-33c2-baf5-1d48d85f62f5,Prof.,Carlie,Romaguera,"17/63 Moore Port","Suite 212",Caloocan,Virginia,Guinea-Bissau,730-119-365,"+63 (915) 595-9696","Larson LLC",nikolaus.com,"Streetcar Operator",LimeGreen,1979-01-22,rolfson.katelyn@hotmail.com,OqXVzVnYpV/jVqC
02d4660d-ae60-37b4-b0ae-46dea4a8dcad,Mr.,Austyn,Gottlieb,"69/53 Bogisich Road","Apt. 026",Catbalogan,Alabama,"Cape Verde",058-003-059,"+63 (921) 350-1251","Nitzsche LLC",hudson.com,"Human Resource Director",Purple,1994-07-28,irwin.upton@yahoo.com,F17BRVhgt-~4AT
fefddb85-d449-34a1-a801-90c43ee203af,Prof.,Daphnee,Muller,"34A/47 Murphy Throughway","Suite 685",Tanauan,Texas,"Antarctica (the territory South of 60 deg S)",724-567-618,"+63 (929) 116-9661",Harvey-Jacobson,stark.com,"Child Care",Gold,1982-05-11,sarina.mann@davis.biz,"uWbk+-],`""qA"
2090c69d-275a-31ee-a397-a70e76504347,Miss,Jermain,Feeney,"26A/96 Anderson Loaf","Suite 720","La Carlota",Idaho,Azerbaijan,696-080-089,"+63 (933) 115-6670",Rippin-Hyatt,gottlieb.biz,"Electronics Engineer",LavenderBlush,1994-12-08,benny87@berge.com,T#o`Ngt
d3755638-d05d-3055-8392-53c5dfd849af,Dr.,Mikel,Hane,"80A Conn Road Apt. 898","Apt. 792",Cadiz,Oregon,"Central African Republic",111-796-342,"(0946) 316-7960","Heidenreich, Rippin and Koss",abernathy.com,"Nursing Aide",WhiteSmoke,1971-09-06,amy.schinner@yahoo.com,"uJE)x[\k3[)k>HXX"
91474482-94cf-3003-be22-962aca7a6818,Prof.,Heaven,Reinger,"14A Walter Hollow","Apt. 543",Muñoz,Utah,Argentina,832-411-707,"(0917) 812-8575",Lehner-Terry,corkery.com,"Tractor Operator",DarkMagenta,1975-01-17,kennith.brown@yahoo.com,:_?:^7pvr
f7db8431-442a-38cd-8961-b6a30af8f21f,Miss,Cassidy,Okuneva,"39A Blick Shoals Apt. 932","Apt. 929",Dagupan,Delaware,Cameroon,232-716-022,"+63 (916) 351-5937","Durgan Ltd",dare.com,"Fishing OR Forestry Supervisor",Maroon,1971-01-12,sbarrows@bernier.com,fAqWs}Pmu8%g
a27a366d-b962-3e52-a0c2-534e2bf385ff,Mrs.,Curtis,Bashirian,"40/97 Hills Garden Suite 383","Suite 504",Silay,"New Mexico",Korea,685-888-614,"(0912) 588-2995","Rutherford and Sons",mitchell.com,Roofer,Violet,2003-01-25,hintz.sven@hotmail.com,~]8_qTs9''u_5'S-EEG=
8e846872-8d3f-321e-8074-62f606935f89,Prof.,Candace,Huels,"44A/83 D'Amore Mills Apt. 032","Suite 486",Meycauayan,"South Dakota",Nicaragua,615-455-212,"(0940) 028-3470",Schmitt-Daniel,borer.com,"Electronics Engineering Technician",White,1994-10-31,reagan.schiller@corkery.com,hpq4.&I{DOu
c4234ab9-1399-3cf0-91cd-44f6409246f0,Mrs.,Gideon,Huel,"26A/79 Zemlak Road Apt. 319","Apt. 639",Passi,"District of Columbia",Nauru,963-877-716,"+63 (932) 267-0214",Fritsch-Schuppe,corkery.com,Gauger,Chocolate,1997-06-02,tmayer@hotmail.com,yTeJ+4^b*W.9R
3f0a7b27-7c54-3091-a92e-098c512360e3,Mr.,Ruby,Fritsch,"73/51 D'Amore Inlet","Suite 693",Passi,Nebraska,Mozambique,960-210-274,"+63 (900) 121-7973","Leffler, Leffler and Cremin",abshire.net,Landscaping,Tan,2006-02-10,sipes.aylin@hotmail.com,"7lv>(^t$zn8,y@iQWTKJ"
984454d6-8ac6-3798-9b39-092909bf71bb,Miss,Michelle,Klein,"83 Sanford Street Suite 692","Apt. 450",Dapitan,Hawaii,Philippines,782-808-189,"+63 (906) 037-1037",Ritchie-Satterfield,herman.biz,Farmer,MediumPurple,2007-06-07,zwest@sawayn.com,t/@)N9.pi%s<V
e506a8ae-60f2-3bb6-abf7-c8c442980726,Mr.,Elisha,Rolfson,"35A Carter Cove Suite 898","Apt. 789",Roxas,Nebraska,"United States of America",850-342-558,"+63 (931) 830-3883","Grimes and Sons",will.com,"Avionics Technician",Magenta,2004-12-29,mlueilwitz@yahoo.com,"ek'""53)_RiR_"
419fb6fd-b503-3432-a87c-feeeab177f31,Ms.,Kayli,Wyman,"48/37 Franecki Branch","Suite 948",Mandaue,Alaska,Denmark,482-730-456,"(0907) 110-5636",Blanda-Casper,volkman.com,"Artillery Crew Member",Orange,2016-01-12,gaylord.maria@anderson.com,9~c>GMJ
1b5dd936-8adc-35ac-a3a0-f04fa6c1fad7,Dr.,Tavares,Auer,"13A VonRueden Well Suite 053","Apt. 077",Caloocan,Virginia,Angola,978-449-870,"+63 (930) 058-1146",Grant-Funk,emmerich.org,"Ship Captain",Gray,1972-07-17,tritchie@prosacco.com,swO{3Vc[9dkooJ}
90aceac0-1e31-3f15-9d96-7c144e32dfc8,Miss,Kathleen,Collins,"50A/98 Sipes Causeway Apt. 590","Apt. 212",Bislig,"New Mexico",Palau,230-530-502,"+63 (905) 792-9127",Parker-Zieme,sauer.biz,Bookkeeper,DarkRed,2007-06-08,lziemann@yahoo.com,4m(3M2
cd0a6de9-bf44-33c6-b815-9c1d40f9c060,Prof.,Ima,Douglas,"54A/13 Eichmann Coves Apt. 106","Suite 100",Bayawan,Oregon,"Saint Barthelemy",896-469-332,"(0917) 956-2644","Prosacco LLC",mills.info,"Telecommunications Line Installer",Orange,1991-09-03,eldridge21@prosacco.org,/4Xp16%rW]`l`]&j2@
ab16ad8e-fb69-3b05-bff7-e0e7fed803d7,Ms.,Rosa,Hermiston,"58 Bauch Oval Suite 743","Suite 695",Escalante,Colorado,Georgia,541-527-544,"(0928) 514-4907","Bauch, Crooks and Little",stiedemann.info,"Protective Service Worker",OrangeRed,1971-02-20,thora28@walker.org,",B*/S."
cfaf503c-4225-3c46-b931-6884562d17f3,Dr.,Lorenza,Waelchi,"84/66 Luettgen Harbors Suite 905","Suite 979",Dipolog,Wisconsin,Congo,005-854-207,"(0949) 651-6165",Hirthe-Morissette,windler.com,"Supervisor of Customer Service",HoneyDew,1976-12-06,donna35@stiedemann.net,7gh.Y^b/$t-Zw`f@=i
8cb71375-3805-3644-a1d7-808c89a2f2ad,Prof.,Fermin,Breitenberg,"48/42 Cole Corner Apt. 964","Suite 082",Cadiz,Utah,Lithuania,783-896-660,"(0949) 878-8038","Huel, Bechtelar and Rutherford",schimmel.biz,"Locker Room Attendant",Snow,1980-06-13,trycia.vonrueden@robel.biz,"c~.0^|@ec-BbD,@WE5\1"
e836d1b3-0f4f-34bb-9c37-5ac98b12923b,Prof.,Stevie,Funk,"97/76 Graham Key","Apt. 339",Valenzuela,Iowa,Dominica,090-903-440,"(0937) 347-3010","Feeney Inc",strosin.com,"Special Force",DeepSkyBlue,2018-10-29,zboncak.dave@yahoo.com,iA/ri6
17b8253d-a9e7-3061-925a-eeb0089b27a1,Mrs.,Hilton,Champlin,"67/60 Simonis Lake Suite 234","Apt. 336",Tayabas,Missouri,Romania,637-654-521,"(0997) 762-1191","Carter, Collier and Quigley",fritsch.net,"Printing Machine Operator",DarkOrchid,1994-11-01,jaycee12@cummerata.com,OXmhC>VGp_xb:h>:yZg'
b3a75f47-e149-3a9c-adfc-1232afc16159,Miss,Alysson,Greenfelder,"96A Kerluke Mount","Suite 411",Marikina,Minnesota,"Saint Kitts and Nevis",398-778-273,"(0933) 696-3294","Torphy, Ward and Windler",bartell.com,Clergy,FireBrick,2004-12-28,bernardo.klocko@gmail.com,#w0FmTc&
770cb71f-c28f-367f-80a5-f0726425219d,Dr.,Crawford,Smitham,"11A Mertz Bridge Suite 881","Apt. 125",Silay,Virginia,Malta,239-195-820,"(0912) 652-9160","Towne and Sons",aufderhar.com,"Annealing Machine Operator",MediumBlue,1974-03-30,herta.lesch@hotmail.com,"]5z;7FfAv3""[Bx"
6b0b44a9-530b-33dd-abd3-28a9d766ae33,Prof.,Julie,Rolfson,"16 Schowalter Expressway Apt. 075","Apt. 345",Silay,Virginia,Barbados,085-790-407,"(0906) 367-7239",Von-Breitenberg,bailey.com,"Craft Artist",MediumTurquoise,2024-01-25,mathilde.pfeffer@prosacco.info,"[^>djL19./~\829"
bc8fbce7-afea-3f83-a1ac-0fe7f455dcc9,Mr.,Walker,Kling,"42 Donnelly Road","Suite 627","Surigao City",Michigan,"Norfolk Island",511-125-904,"+63 (909) 778-2713",Goodwin-Hartmann,howell.com,Roustabouts,PaleTurquoise,1976-11-22,darrin.satterfield@murray.com,@af^s]:3=l{x^H
834c35ff-4eb2-3252-9762-a31d78fd6023,Mrs.,Annabel,Jakubowski,"12/48 Fisher Street","Apt. 117",Tagum,Minnesota,Vanuatu,465-167-939,"+63 (929) 798-2374",Roob-Crist,hagenes.com,"Diamond Worker",DarkRed,1996-03-19,mboyle@hotmail.com,L]~.H|g3u;o:f2drL
f09e3c67-bd41-3b11-bdb1-a59ed4f7ab3a,Ms.,Antwan,Beer,"60A Schultz Extensions Suite 738","Suite 985",Carcar,Michigan,"Saint Kitts and Nevis",080-088-452,"(0921) 662-2016","Bradtke and Sons",satterfield.info,"Motor Vehicle Inspector",Orange,1998-07-21,ryan.autumn@gmail.com,"#9_5],>LKtK1I<J\"
7beab404-f9cf-3579-b67d-c392a74fb5d0,Dr.,Lucy,Waelchi,"56A/52 Bartoletti Inlet Apt. 630","Suite 864",Maasin,Idaho,"Dominican Republic",544-607-457,"(0915) 788-1750","Bauch, Kemmer and Parisian",kihn.com,"Motor Vehicle Operator",Salmon,1971-04-30,okertzmann@stokes.com,VlOSzOF4A
97705be3-b234-3b61-a2ca-9ca4664f4e18,Mrs.,Jazmin,Bergnaum,"63 Wolff Junction","Suite 583",Baybay,"North Dakota",Guinea-Bissau,019-423-660,"(0940) 671-6547",Brekke-Christiansen,wehner.com,"Civil Engineering Technician",Snow,2002-11-13,borer.coy@yahoo.com,">;MwSq\)/pt64"
7050fa35-595f-3a92-8626-5618c1a5a0ec,Mr.,Myles,Hagenes,"76A/40 Hauck Crossing Apt. 265","Apt. 614",Urdaneta,California,"Syrian Arab Republic",885-340-892,"(0999) 846-9502",Mayer-Zemlak,rau.com,Producer,SeaGreen,1980-05-25,ledner.valentine@greenholt.biz,"V;V%8I9DMDP\j3V3["
1cb8ffc4-8682-3b8a-84e1-32b2ee1f8959,Mr.,Adalberto,Metz,"93 Ortiz Isle","Apt. 188",Gapan,Utah,Oman,445-279-456,"+63 (997) 756-8796","Rosenbaum, Leuschke and Cruickshank",cummerata.com,"Aircraft Structure Assemblers",White,2017-10-05,donna.sporer@hudson.net,"ttRJ?\NqyR{xgV"
ea909e44-9de0-37ce-bd49-4581b709f28c,Prof.,Erica,Rath,"80/46 Kilback Ways","Apt. 039",Santiago,Michigan,Australia,038-539-254,"(0980) 454-0152",Ankunding-Johns,auer.biz,"Production Helper",MediumAquaMarine,2001-09-09,littel.reilly@cronin.com,{wT)J4dl@$)GR~G0Y
02583306-4841-3d45-a30c-cad7e216e3af,Mr.,Johanna,Ward,"98/51 Weimann Pass","Apt. 782","San Pablo",Alabama,Montenegro,849-111-443,"+63 (979) 461-5893",Homenick-Russel,ullrich.info,"Air Crew Officer",Moccasin,1983-08-06,flossie.haley@crist.org,"rIphtT"":R2$8z3G"
9707d4f6-55a7-31bb-af81-448924e62e5e,Dr.,Tyrique,Block,"73A Halvorson Keys","Suite 314",Dumaguete,Connecticut,"United Kingdom",820-524-408,"(0923) 765-7735","Konopelski, Monahan and Lueilwitz",harris.com,"Organizational Development Manager",Moccasin,1998-08-10,claude.kuvalis@hotmail.com,"QeU3BAEY}Z,f=r_^"
86af6f17-db45-3e1b-8cef-9440d3342045,Miss,Ashlee,Hegmann,"18 Strosin Ways Apt. 528","Apt. 934","Surigao City",Hawaii,Australia,671-256-158,"(0947) 912-1108",Murphy-Hessel,stark.org,Paralegal,FloralWhite,1989-03-24,lizzie.hyatt@gaylord.com,WF]+d~'O<Z5aQ[dO
ea247045-a083-34e7-ae8b-296549e5f30d,Dr.,Andres,Kautzer,"44 Jacobs Tunnel Apt. 783","Suite 135",Tayabas,Virginia,Burundi,605-395-754,"+63 (906) 941-5829","Ernser Ltd",collins.com,"Art Teacher",AliceBlue,1999-11-09,savannah64@hotmail.com,v|HOAVGV2H
fd49f6ec-c602-35d2-9e29-6494681fc143,Ms.,Leif,Heathcote,"87 Harber Brook Apt. 183","Apt. 523","San Carlos",Tennessee,Anguilla,466-389-451,"+63 (915) 446-1094",Ondricka-Kemmer,howe.com,"Railroad Switch Operator",Teal,2010-06-21,schiller.annette@gmail.com,iT:K/4L6>#
3e34c67a-ae7c-30ff-a72d-c22bbf8dac71,Mr.,Robert,Koelpin,"53/64 Wilkinson Lock","Apt. 588",Bayugan,Mississippi,Rwanda,668-541-350,"(0944) 517-7241","Bogisich, Nienow and Tremblay",dooley.com,"Metal Pourer and Caster",LightCoral,1993-11-22,larkin.samson@moen.biz,B6C5q3<Da@d?H*E
5bf4fa69-3fbd-3bb9-80b6-eeb5b7ce91aa,Dr.,Kelli,Collier,"10A/37 Reynolds Centers","Suite 814",Ilagan,Kansas,Armenia,018-440-393,"(0926) 890-5087",Hodkiewicz-Gottlieb,stiedemann.com,"Human Resource Manager",Cornsilk,2008-08-09,aleen96@gmail.com,mz}8{^6=CyKL_(/l
8da04d92-77c2-338d-956f-09118bb91a59,Mrs.,Justine,Schaefer,"93A/87 Nienow Islands Suite 928","Suite 719",Tagaytay,Nebraska,"Marshall Islands",797-534-480,"+63 (813) 072-9900","Deckow, Will and Prosacco",wyman.net,Hydrologist,LemonChiffon,1986-12-31,bret.bauch@hotmail.com,"T_N*=A)$R_l""0[0t&F8"
dcc52745-41c9-3fb7-963c-0d661c823228,Miss,Clotilde,Berge,"43/64 Towne Vista Suite 218","Apt. 794",Ormoc,Delaware,Somalia,448-401-709,"+63 (931) 373-0792","Kautzer and Sons",bahringer.com,"Massage Therapist",Fuchsia,1970-08-18,ruecker.ben@hotmail.com,A9+7^u
74d11064-e7b3-31ff-8ca0-4862c5a638eb,Dr.,Conor,Bahringer,"64A/72 Durgan Square Apt. 806","Suite 075",Calbayog,"New York",Guinea,583-919-116,"(0940) 106-5600","Fisher Group",zemlak.com,"Pesticide Sprayer",MediumSpringGreen,1973-11-07,eweimann@nolan.com,r3+]=tmJe
9850a9c0-0c47-3c02-a667-fc978c794a2c,Prof.,Margot,Haag,"15A Graham Walks Suite 874","Suite 281",Bacolod,"New Mexico","Equatorial Guinea",370-344-815,"(0915) 960-9537","Carroll, Hermann and McGlynn",rutherford.com,"Operating Engineer",Moccasin,2004-11-29,grady.piper@daugherty.org,Haquj~%rH~gb;@m}
91240aad-25eb-3f97-8e7a-7f6c0bb911df,Mrs.,Abe,Gleason,"37A McKenzie Mountain Apt. 927","Suite 776",Isabela,Louisiana,"Central African Republic",584-951-079,"(0909) 048-1867","Dietrich, Stanton and Emard",franecki.com,"Secondary School Teacher",DarkSlateBlue,1992-03-31,otillman@yahoo.com,"xm,Aamt`6"
b3e93d5e-16f2-3932-b139-efc93c1493b0,Mr.,Jessika,Harris,"36/23 Gutkowski Island","Apt. 789",Naga,Vermont,Uruguay,194-928-700,"(0979) 660-1322",Konopelski-Stracke,wyman.com,"Mold Maker",Crimson,2011-07-15,tess.von@gmail.com,Lovw+r4t_i{vz
9649a5a2-1b41-37e4-84ab-58af5e9f132c,Ms.,Ariane,Price,"33/63 Sipes Highway","Apt. 638",Dapitan,"West Virginia",Barbados,140-209-088,"(0920) 961-7760","Rice Ltd",towne.com,"Radar Technician",Lavender,1985-05-24,oharber@hotmail.com,"x`OX""oPz"
e84b154a-4177-39da-9b5b-4dde92a86ee8,Mr.,Cyril,Hand,"31 Mohr Ports Apt. 505","Suite 080",Calbayog,"New York",Djibouti,109-229-473,"(0936) 465-0492",Cartwright-Littel,collins.com,"Product Management Leader",Wheat,1993-04-01,cummerata.tillman@gmail.com,4N)Ue)I:CSMU
22f1de48-c376-39b8-865d-dbff7da28bdd,Dr.,Antonietta,Vandervort,"17A Pacocha Camp","Suite 444",Himamaylan,"New Hampshire",Guinea,653-180-867,"+63 (930) 976-2060","Hermann and Sons",jacobs.com,"Fashion Model",Pink,1986-05-27,arthur.frami@gmail.com,"5Lp7&H|l#{1\"
62615d53-bc5f-3dee-8467-7bf288c49ac6,Prof.,Kevon,Herman,"52/30 Gleason Islands Suite 631","Apt. 504",Gapan,Mississippi,Rwanda,965-850-598,"(0975) 290-9639",Braun-Harber,satterfield.com,"Set Designer",LightGray,1992-03-22,izabella10@hills.com,M/8YS2x3
0a44a6fb-a1e4-3660-8d6d-1a39d622ecb7,Prof.,Bailey,Herzog,"99A/02 Schaden Ports","Suite 913",Imus,Florida,Comoros,801-054-717,"(0978) 719-6586","Pfeffer, Cartwright and Koelpin",graham.biz,Pediatricians,WhiteSmoke,1997-01-28,mariela93@cronin.info,"\5#F3X%WK!hN"
6f3262f4-07f5-3657-a708-d9b40782422d,Prof.,Liliana,Hegmann,"08A Kuvalis Hollow","Suite 100",Oroquieta,Missouri,Cuba,816-720-187,"(0994) 262-6917",Spinka-Rippin,runte.net,Painter,BlueViolet,2007-04-15,haskell86@schneider.com,|P6a'^!M5q~s<'4D
fed63617-9221-3ca8-881e-a906983a7ebd,Prof.,Quinten,Kohler,"38 Koss Turnpike Suite 140","Apt. 526","San Carlos",Connecticut,Sudan,354-889-174,"(0937) 284-2913",Frami-Braun,schneider.com,Dispatcher,OliveDrab,1989-04-26,conner92@beahan.net,JT$@pMzXPoP?zI#]WRD
f1902f25-7f43-3840-9192-2364a409e3d7,Mr.,Hermann,Schmidt,"22A/40 Lockman Court","Apt. 030",Tanauan,Wisconsin,"Saint Pierre and Miquelon",942-284-862,"+63 (999) 430-2616",Feil-Treutel,weimann.com,"Aircraft Engine Specialist",MediumTurquoise,2003-11-13,wyman.nedra@weissnat.com,C%+?ftaTU
6df786e7-d94e-3c42-9d50-075b467a36b2,Prof.,Ashtyn,Larson,"24 Rippin Island","Apt. 916","Cavite City",Kansas,Uruguay,230-987-475,"(0915) 088-0838","Heidenreich, Spencer and Bernhard",conroy.com,Clergy,GreenYellow,2001-02-04,parisian.melvin@kuvalis.com,"@+_\$["
07fb2028-9a6a-3d3e-ac3c-f9cdf178570f,Mrs.,Jedidiah,Durgan,"22 Kozey Underpass","Apt. 772",Bais,"District of Columbia",Swaziland,187-967-036,"+63 (933) 311-9145","Wolf and Sons",schmitt.info,"Hoist and Winch Operator",LightPink,2024-01-01,oconnell.wilbert@yahoo.com,&5-ww>Ld2PDf$9joz
f96887cc-0a37-31eb-88e6-9e0294377a7f,Prof.,Lane,Stiedemann,"05A Lindgren Hill","Suite 070","San Fernando",Arkansas,Namibia,845-238-732,"(0817) 641-5509","Hintz and Sons",marks.com,"Private Detective and Investigator",PowderBlue,1970-08-21,nienow.bryon@hotmail.com,JUGOnd=/'YMI$P
a3e96f14-4fb6-35a5-8eae-b53c00f3c559,Dr.,Candelario,Stoltenberg,"07A/09 Steuber Grove Suite 725","Apt. 480",Pagadian,"North Dakota","Equatorial Guinea",736-525-449,"(0949) 318-4051","Abshire, DuBuque and Feeney",kuhn.org,"Central Office",ForestGreen,1992-02-20,lindgren.floy@hotmail.com,"COAD{)`DpCqN]L,-"
3fa2709f-3c8d-3160-9ddc-6dfd4d754bc2,Mr.,Samir,Zieme,"80A/23 Stanton Expressway Apt. 896","Suite 282","San Pedro",Iowa,"Heard Island and McDonald Islands",571-335-156,"+63 (907) 069-8176",Goodwin-Dickinson,runolfsson.info,"Electronic Drafter",Navy,1977-06-21,mueller.jarod@gulgowski.net,e^jq.n4;ykZO9s/=G
41468dc2-fcb5-3e50-a220-6b66c0b690d1,Dr.,Braxton,Stracke,"62 Jerde Crest","Apt. 749",Maasin,Missouri,"Saint Barthelemy",465-734-235,"(0948) 964-6174","Zulauf Inc",gislason.org,Brickmason,BlueViolet,1995-11-19,jane.mckenzie@nikolaus.com,h=V4tRL86cVwr)))6
9a56399f-1587-38f1-98e2-2b5cae6b6c9a,Prof.,Lucie,Hintz,"21/90 Kulas Mission","Suite 504","San Pedro",Arizona,"British Virgin Islands",442-477-150,"+63 (935) 220-7860","Kautzer, Lindgren and Abernathy",cole.com,"Data Processing Equipment Repairer",DarkOrchid,2007-07-23,rubie05@white.org,ToP$Z*~_5z
15b1a104-1685-3f81-bfdc-aefea5b16499,Prof.,Madilyn,Bechtelar,"96/49 Considine Trail Suite 545","Suite 042",Ilagan,Arizona,Mauritius,485-639-159,"(0915) 144-5892","Corwin Group",morissette.net,"Gaming Service Worker",Pink,2000-04-16,fharber@hermiston.org,"cl&BL\)0%onG;[xY"
f81a2e5e-c442-3a44-930c-e9f1ab61bc77,Mr.,Hailee,Greenfelder,"64/91 White Plains Suite 097","Suite 197",Talisay,Ohio,"Cocos (Keeling) Islands",421-030-099,"(0900) 376-7980","Wisozk, Leannon and Wilderman",olson.com,ccc,GreenYellow,2011-10-31,stella.monahan@crooks.com,]4KgrPZ{
1946ad4a-a9d6-31fb-8153-1b77e1b2bd7a,Mr.,Garry,Conn,"23A Huels Passage","Apt. 866","Cebu City",Illinois,"Czech Republic",833-165-783,"(0926) 003-9381",Mills-Waters,romaguera.com,"Machine Operator",GoldenRod,1979-03-25,trisha.kohler@yahoo.com,v}%kA^&+%@m7#C)qT
daf2ffa9-4acf-314b-8eba-4cf46dff149d,Mr.,Jon,Leannon,"66 Auer Square Suite 282","Suite 510",Tangub,Massachusetts,Lithuania,466-772-099,"(0937) 943-1965","Abbott, Marvin and Strosin",harber.info,"Agricultural Engineer",SeaShell,1983-01-30,jayda.barrows@yahoo.com,Uw9YWcA&sk`!nyQ
74b5f373-8ee2-3988-8034-b1e31dc7cf3c,Prof.,Imelda,Mills,"17A Deckow Shoal","Suite 947",Tayabas,Wyoming,"United States of America",687-805-838,"+63 (999) 500-4223","Littel LLC",homenick.com,"Adjustment Clerk",DarkSlateBlue,1985-11-13,murray23@hotmail.com,Kr-Y9gaD$t7+Htb@
3f0957f1-01f7-3228-86b9-5049eb1a792b,Ms.,Genevieve,Senger,"10 Predovic Expressway Suite 032","Suite 473","San Fernando","South Carolina","Northern Mariana Islands",431-640-510,"(0973) 873-4100","Greenfelder Group",feil.net,"Artillery Officer",SpringGreen,2014-03-28,fschowalter@von.com,>i=N}4V6>y
876d523e-752f-3cad-b359-2177f01d7ba7,Dr.,Eliezer,Wilderman,"78A Cormier Vista Suite 423","Apt. 658",Escalante,Michigan,"Western Sahara",955-338-412,"+63 (907) 425-4226","Keeling and Sons",goldner.net,"Home Health Aide",Turquoise,1978-03-24,darrion36@yahoo.com,"_g:M/\eT`i="
8cda6921-126d-3c02-9acf-41f2cdc15bf3,Dr.,Kennedi,Parker,"75/71 Gerlach Mountains","Apt. 358",Kidapawan,Oregon,Eritrea,006-365-315,"(0905) 289-2906","Gerlach PLC",kulas.com,"Product Specialist",DarkViolet,1990-11-10,gabe.klein@gislason.com,~bZ`3J`lI2sf!/-
2913ca8f-607a-3f6f-99a3-2f7dfd6b7f13,Dr.,Hudson,Cassin,"53A/51 Kutch Cliffs","Suite 466",Dagupan,Oregon,Gambia,723-273-569,"+63 (934) 370-3934","Schumm, Nitzsche and Kautzer",jaskolski.com,"Insurance Claims Clerk",ForestGreen,2023-04-25,henriette.romaguera@hotmail.com,NyebjYPXj
7a16af33-3f39-3774-95b2-4c1262e7c066,Dr.,Wilfred,Champlin,"87/16 Lakin Divide Apt. 774","Apt. 199",Tayabas,Arizona,"Wallis and Futuna",267-947-772,"+63 (900) 152-6721",Simonis-Treutel,pacocha.org,Government,AntiqueWhite,1991-01-17,edyth44@keeling.biz,[^&)FE/0
4ba100c8-2f34-3698-a525-6fb2daf0b453,Prof.,Kade,Mohr,"42A/31 Dare Run Apt. 404","Apt. 707",Tagaytay,Kansas,Luxembourg,835-085-998,"+63 (922) 143-6813","Blanda LLC",jerde.net,"Petroleum Pump Operator",DarkCyan,2010-07-24,jayda.schinner@cronin.com,=&KlA3
e4e82157-e8b0-3b85-80a7-7ba308c99e39,Ms.,Roxane,Hudson,"86/22 Turner Parks","Suite 903","La Carlota","District of Columbia","British Virgin Islands",273-169-828,"+63 (938) 492-7194","Koelpin, Weimann and O'Conner",green.com,"Algorithm Developer",Chocolate,2013-03-30,bkohler@yahoo.com,"QZUN%g`F5;'g[ZWr"">T"
a5af7029-add2-3aac-9cb1-db6559f40743,Miss,Blair,Torphy,"54 Satterfield Tunnel Suite 403","Apt. 219",Muntinlupa,Nebraska,"Syrian Arab Republic",925-612-368,"(0909) 474-7042",Bosco-Jakubowski,weber.net,"Insurance Sales Agent",ForestGreen,2015-10-03,neva.ward@daniel.com,K{4Tnj`-IJrnc2z(T7:^
f7b7c3e2-d455-34d8-967f-2afd2e11fcfa,Dr.,Rowan,Ledner,"81/25 Senger Crest Apt. 046","Suite 776",Calbayog,Ohio,"Saint Pierre and Miquelon",156-040-469,"+63 (929) 239-6541",Murphy-Prosacco,raynor.com,"Financial Analyst",Purple,2005-01-20,elisa.spencer@gmail.com,"}2LH,h5PY(BLeQq+L"
0c9931af-8112-31f9-9358-d05c2f3466a6,Miss,Kelly,Weissnat,"91A Oberbrunner Island","Suite 569",Oroquieta,Delaware,"United States of America",420-572-336,"(0979) 055-4319","Becker Group",mayert.com,"Automotive Mechanic",Brown,2018-07-30,calista.schimmel@gmail.com,l/zPrf<L}dzJ+J
f0f49a09-0b10-3874-ade9-901f197ecf84,Dr.,Crystal,Towne,"57A Schmeler Points","Suite 483",Imus,"New York",Fiji,892-093-683,"(0917) 663-6915",Smitham-Schinner,buckridge.com,"Infantry Officer",DarkSalmon,2012-02-29,soledad.kertzmann@gmail.com,Xx)C4nP`
71e830df-26eb-305a-939e-7d9896e7da3d,Prof.,Tess,Jenkins,"34 Marquardt Drives","Suite 880",Angeles,Louisiana,"Holy See (Vatican City State)",805-815-284,"+63 (975) 461-6209","Jaskolski LLC",volkman.com,"Supervisor of Police",MidnightBlue,1979-01-18,yleffler@lueilwitz.com,"kxc%4+Of{"">~,^"
9bcbc818-d6c5-3e02-91dd-aa95b883fe35,Dr.,Clyde,Kuhlman,"55A/71 Breitenberg Crossroad Suite 443","Apt. 581",Naga,Kentucky,"Norfolk Island",148-233-320,"+63 (817) 213-3747","Tromp Ltd",kulas.net,"Taxi Drivers and Chauffeur",GhostWhite,2001-06-19,bborer@yahoo.com,"@@b%v,K"":4V&~E-"
8cb34a00-e916-3c7f-8523-990e673bbf63,Prof.,Vivian,Nolan,"69 Kiehn Harbors Suite 163","Suite 042",Pasig,Oklahoma,Cuba,460-378-673,"+63 (989) 601-4949","O'Connell Ltd",braun.com,State,LightSalmon,1996-02-24,henderson14@gmail.com,#lVT=c+-u2/S
009f1518-c651-317c-ba3a-16a9ea75285b,Mrs.,Raymundo,Hills,"65 Hill Garden","Apt. 291",Tangub,Vermont,"Antigua and Barbuda",968-441-241,"(0936) 069-3681","Gorczany Ltd",rutherford.org,"Dental Hygienist",Indigo,2019-08-20,rowe.kirsten@balistreri.biz,"6)xCrv\z'+"
cb066aa4-4f07-3189-92e2-5f8bb0cca356,Ms.,Alexandria,Metz,"72/85 Gutkowski Burg Suite 808","Suite 155",Kabankalan,Maine,Andorra,395-726-690,"(0906) 225-1549",Glover-Stiedemann,bayer.com,"Insulation Worker",SkyBlue,2022-02-08,lsenger@hotmail.com,"|WQl`!>nb"".H!]8wN"
a06ea5ad-c1ee-3c5f-924b-cd7d3b01566b,Prof.,Velda,Spinka,"59A Pouros Village","Apt. 015",Danao,"District of Columbia",Iran,083-206-907,"+63 (907) 534-5001",Hoeger-Tromp,larson.com,"Food Preparation",Magenta,1980-12-18,aurelia92@brekke.com,B9NU/z|H6>bFH4jD&
74964952-c712-3b76-ba78-d1d42b2efe51,Dr.,Newell,Klocko,"16/44 Marvin Mount Suite 930","Suite 853",Valencia,Alabama,Micronesia,174-435-590,"(0943) 344-4735","Bartell, Quitzon and Goyette",sanford.biz,"Child Care",DarkBlue,2013-05-08,howell.abraham@hane.com,"Z4G}RGP|{V]_cK\)A"
578952b9-a427-3ac7-b8ce-6b40c3614b77,Ms.,Laurence,Runte,"42/83 Wyman Brooks","Suite 248",Santiago,Utah,Senegal,196-950-436,"(0908) 628-6585",Schuppe-Herman,fisher.com,"HVAC Mechanic",Pink,1998-07-31,kcarter@smitham.com,9%vUd.P#Z
cb312ab6-92e6-3796-94d0-155691af2188,Miss,Hubert,Wehner,"53A Gaylord Islands","Apt. 869",Cabuyao,Texas,Greece,732-963-417,"(0947) 009-7008",Harris-Sanford,muller.com,Welder,Turquoise,1980-08-03,ledner.don@smitham.com,FWLe:bepm
cc1ece34-7d8b-3e53-95a4-2aef92299a1b,Miss,Else,Pollich,"29A/27 Medhurst Ridge","Suite 057",Baguio,Kansas,"Holy See (Vatican City State)",475-517-437,"+63 (974) 554-2947",Mohr-Parisian,reichel.com,"Food Cooking Machine Operators",YellowGreen,1986-11-26,hintz.verona@yahoo.com,kNYYGPcvzrT|;F-{+&
70338aa0-f2bf-329a-8429-0b07070b0d6f,Mr.,Kiana,Thiel,"47A White Road Suite 021","Apt. 390",Dagupan,"North Dakota",Malaysia,508-432-265,"(0906) 905-7195",Lemke-Schamberger,klein.biz,"Pastry Chef",SeaGreen,2015-06-26,dooley.greta@gmail.com,ns%7yA6(@
ce716eb1-ddff-3b65-b69e-2a54f1027f37,Mr.,Ransom,Kris,"71 Moen Causeway","Suite 590",Parañaque,Maine,Switzerland,114-818-691,"+63 (917) 393-5554","Boehm Inc",wisoky.com,"Chemical Technician",SteelBlue,1988-10-25,ohermiston@treutel.biz,"{f,$1C(|*n"
0f94eb61-60c9-3f31-b12b-46005c2c2c12,Dr.,Juvenal,Homenick,"41 Wuckert Corners","Apt. 775",Parañaque,Kentucky,Latvia,917-072-537,"+63 (998) 839-5847","Schaefer Inc",gleichner.com,"Human Resources Specialist",Peru,1985-05-26,nkris@tromp.com,"mO:%qt?tEQhc""P'cJjD*"
9aebcb05-a6fd-3c75-bd9b-ef1c7ff14885,Ms.,Leonora,Marquardt,"20A Lindgren Extension","Suite 657",Dapitan,Wyoming,Nauru,882-703-034,"(0978) 251-0715","Von, Frami and Bailey",lueilwitz.com,"Physics Teacher",Azure,2023-08-31,thiel.jessyca@hotmail.com,]C{85I|r;{L>]=
dd3dbdc0-56ed-3285-85d6-d9f11751e090,Ms.,Demetris,Predovic,"74/68 Hermiston Stravenue Suite 378","Suite 160",Mati,Michigan,Benin,239-299-455,"+63 (947) 028-1973","Parisian, McLaughlin and Wehner",hoeger.com,"Tire Changer",Peru,2002-02-06,florian.macejkovic@gmail.com,bO`G8^_>
76998573-c51f-38ef-8ff8-80146d52a374,Prof.,Julie,Weber,"33 Goldner Ramp Suite 963","Apt. 516","Batangas City",Kansas,"Lao People's Democratic Republic",981-880-155,"(0940) 350-3760","Schmitt LLC",bechtelar.net,"Pipelaying Fitter",MediumOrchid,2017-04-27,vella75@hotmail.com,>g20$S:ZKF9
7d594623-6c2e-3ba2-aa35-afaac612c7d0,Mrs.,Ivy,Beer,"99A Casper Views Suite 218","Apt. 821",Malaybalay,"District of Columbia",Bolivia,445-657-868,"(0909) 888-8626","Cremin, Pagac and Sanford",sawayn.com,"Computer Repairer",Maroon,1991-07-27,botsford.michele@gibson.biz,"TYC9pN\l(MGSx"""
213a9d58-67c4-37bb-b7ec-1b151017f8e1,Prof.,Mertie,King,"25/92 Wuckert Pike Apt. 359","Apt. 168",Sipalay,"West Virginia",Barbados,562-087-551,"(0978) 808-5375","Weissnat LLC",gutkowski.com,"Substance Abuse Counselor",LightSteelBlue,2004-11-30,tyrell10@hotmail.com,N^OpcuY0
10a3fd9c-0217-31a7-b850-64ab2c69abde,Dr.,Lesly,Gusikowski,"96 Bruen Turnpike Suite 988","Apt. 211",Ormoc,Kansas,Nepal,282-257-050,"+63 (942) 081-3276","Moore PLC",schinner.org,"Glass Cutting Machine Operator",RosyBrown,1981-01-02,blick.bernie@oreilly.biz,Kt~+vBYse
7fd1584d-db1b-378e-8bbf-f7e5b2c4c4a3,Miss,Maritza,Ortiz,"72A Goldner Brooks Suite 629","Suite 841",Mati,Alabama,"Saint Pierre and Miquelon",415-594-717,"+63 (932) 520-0733","Collier, Towne and Hand",sauer.net,"Benefits Specialist",PeachPuff,2019-05-07,lane.abshire@gmail.com,"7,%OuIs=&86j="
c73ffc73-8874-3a8e-90f7-0c5edf8031cb,Mrs.,Margarete,Bode,"12A VonRueden Isle","Suite 163",Calapan,Oregon,"Western Sahara",977-095-286,"(0999) 831-7072","Watsica, Will and Breitenberg",schmidt.com,"Machine Tool Operator",DarkTurquoise,2022-05-05,hkunde@zulauf.com,g5k#KjOrs5
5df386cf-abff-32e1-b390-60388480d8a8,Miss,Octavia,Lueilwitz,"90/34 Kuhn Roads Apt. 945","Suite 341",Dasmariñas,Oregon,Timor-Leste,455-035-391,"(0996) 306-9465",Gislason-Hill,beer.com,"Ticket Agent",SpringGreen,1995-07-20,felipe97@heller.com,J'tJJ{+P
d514ba95-abab-35ae-8f74-bc5a101f87a3,Dr.,Mackenzie,Johnson,"03A Johns Row Apt. 823","Suite 617","Tarlac City",Delaware,Morocco,916-498-799,"(0932) 755-2384","Paucek PLC",dubuque.com,"Deburring Machine Operator",LightSteelBlue,1991-01-24,murazik.keith@schinner.com,2^%)B[Ql25jR=Joy7
899e77c6-12f4-3c33-b4bb-7e06d4f0cfab,Dr.,Aylin,Hirthe,"34A Braun Plaza Apt. 436","Suite 673",Guihulngan,"New Jersey","Saudi Arabia",907-294-640,"(0975) 722-4476","Gleichner, Zieme and Barton",leffler.info,Assessor,White,1970-07-10,ljacobi@yahoo.com,W>peZoyPadX=57N
69140049-2417-3cc8-9dac-0a28b7f3de05,Prof.,Danyka,Steuber,"71 Bernier Walks Suite 896","Apt. 935",Kabankalan,Texas,"Papua New Guinea",462-724-217,"+63 (921) 669-1455","Ledner Ltd",keeling.com,"Fashion Designer",MistyRose,1985-10-10,kevon69@legros.com,`_$1I0
1975ea39-0c0b-3d3e-b804-e469418721d7,Ms.,Caterina,Rohan,"65A/78 Rogahn Passage Suite 276","Apt. 956","San Juan",Delaware,Mali,923-245-914,"(0947) 604-2113","Sporer, Cronin and Sawayn",mante.net,"Home Appliance Installer",DarkGoldenRod,2013-04-08,hollie91@yahoo.com,"{L+T;n!6_[^/t\11P7"
48ed5cf5-c53c-3132-a8d6-3a52c67a90e3,Dr.,Verlie,Harris,"37/94 Lueilwitz Locks","Apt. 577",Tanjay,Iowa,"Puerto Rico",867-309-608,"+63 (942) 342-0238",Sporer-Fadel,stracke.com,"Metal Worker",Brown,2023-05-31,kiehn.narciso@hotmail.com,]$).Rs}GcV
e3bc8d64-6589-3b92-949e-3960e0acdfa5,Prof.,Lee,Pouros,"16A Bernier Course Suite 786","Suite 465",Sagay,"New York",Bangladesh,583-992-903,"+63 (915) 567-6964","Wiegand, Torphy and Skiles",cole.com,Postmasters,Aquamarine,1990-10-27,braeden.koelpin@gmail.com,S]K$rwH
86093d0f-d1d0-3fef-87e9-7b3d980d82bd,Dr.,Emelia,Bechtelar,"96A/62 Schulist Court","Apt. 114",Palayan,Idaho,"Puerto Rico",091-570-723,"+63 (979) 592-5485",Waelchi-Cremin,halvorson.com,"Mathematical Scientist",DodgerBlue,1973-08-06,kris.dereck@feil.org,b/Ua$8zY~HkH{;*'zgM
7181070d-349e-36b7-ac1d-8bc33def9a64,Dr.,Jacey,Willms,"52A/28 Goyette Isle Suite 175","Suite 012",Bago,Ohio,"Equatorial Guinea",480-959-854,"(0994) 471-6134",Reinger-Corkery,ebert.com,"Home Appliance Repairer",DodgerBlue,1984-05-01,jacobs.autumn@hotmail.com,"\Y'd~rWR{:>"
9a6459ce-8fee-32b4-b661-e29e4623a2ac,Dr.,Jose,Gulgowski,"50 Muller Lakes Apt. 514","Suite 346",Tanauan,Nevada,Vanuatu,704-316-417,"+63 (938) 207-7214",Heller-Bradtke,rodriguez.info,"Licensing Examiner and Inspector",Moccasin,1989-06-14,palma.hirthe@gmail.com,"v,@E47"
c1b349b5-b0e9-3d82-b904-7d08460de8fc,Dr.,Aylin,Rippin,"67A O'Conner Mission Suite 211","Apt. 985",Manila,Massachusetts,Greece,460-760-135,"(0977) 586-5642","Reynolds Group",smitham.info,"Desktop Publisher",GoldenRod,2011-01-29,gregg.oconner@wisoky.org,6hxgcz.ajchfQ[
0d07ab3f-9b3d-39ab-8b75-d7d86ba90e94,Prof.,Melissa,Beatty,"44/21 Boehm Knoll Suite 726","Apt. 915",Tabaco,Mississippi,Ethiopia,814-160-862,"(0910) 354-3076","Renner Ltd",howell.info,"Computer Scientist",Brown,2003-04-19,dangelo20@metz.com,"j`pLee,DdTJikm54{rD"
bc05faf0-490f-3dcb-91c5-94b23ee232d3,Prof.,Ava,Bahringer,"38 Kassulke Loop Suite 484","Suite 864",Naga,"North Dakota",Guam,539-684-197,"(0927) 236-4109","Torphy PLC",sporer.org,"Poet OR Lyricist",LightSalmon,1981-10-11,valentin15@flatley.com,<a>Dmt
598f64f9-97fc-34eb-a5bb-93fc989cb479,Mrs.,Hazle,McCullough,"30A/27 Brekke Highway","Suite 173",Tabaco,Kansas,Malaysia,826-098-315,"+63 (946) 565-0543",Rau-Brown,kuvalis.com,Maid,Lavender,2003-08-08,legros.jason@walsh.org,Tg0y~n
0af774a3-7830-33d1-95ea-3a145da96c67,Mr.,Jaime,Swaniawski,"71/80 Ledner Key Suite 679","Suite 300","Las Piñas","North Dakota",Tajikistan,733-885-071,"(0907) 127-2861",Jerde-Hansen,walsh.com,"Electric Meter Installer",CadetBlue,2024-06-29,mcglynn.benjamin@gmail.com,"Rzt'!&'pG:,2q2G#"
b8d371df-388d-3500-aff2-1ac1a3c9483d,Dr.,Evan,Hirthe,"30A Johns Parks","Suite 445","Cagayan de Oro",Colorado,Nigeria,158-403-401,"+63 (939) 327-3718",Russel-Yundt,hill.com,"Computer Science Teacher",LightCyan,2009-08-22,eliseo12@schumm.com,pHKV+.qp7^rK:v*X4B'
6dfa2c28-517d-34ac-baa2-6b442f681d73,Prof.,Maybelle,Hoppe,"60A Zemlak Villages Apt. 324","Suite 900",Dagupan,Michigan,Mali,241-861-800,"+63 (971) 696-2356",Powlowski-Effertz,gleason.com,"Signal Repairer OR Track Switch Repairer",OldLace,2014-12-02,lina.wolff@kuhic.com,5~81Xk[}h!|z!tQcr/?
2356a3fa-df5b-399d-a986-f67063c950ab,Dr.,Anais,Howell,"45A Mraz Valleys Apt. 747","Apt. 721","Iloilo City",Oregon,Finland,458-739-315,"+63 (912) 747-1530","Hahn, Prohaska and Jenkins",mcdermott.info,"Carpet Installer",DarkOrchid,2008-10-03,terry.elna@turcotte.org,L[Ixd|Ez`v*?8q;C
65c98a20-970d-372b-b287-f27d2c5fb47c,Prof.,Selina,Hackett,"68A/04 Balistreri Keys Apt. 410","Apt. 991",Iligan,"New York","Sierra Leone",233-900-201,"+63 (900) 339-7020",Leannon-Gulgowski,friesen.com,"Loan Officer",Navy,2008-05-03,yroob@hyatt.com,"|L\XpM{?ea=$"
565c54da-4abd-3bfb-8cd0-78424688d933,Prof.,Stephany,Mann,"64/53 Powlowski Burg Suite 732","Apt. 660",Urdaneta,"New Mexico",Macao,561-907-095,"(0900) 201-1483","Hand, Mayer and Williamson",ernser.net,Musician,DeepSkyBlue,2023-05-24,jocelyn00@yahoo.com,")YF[K""k+G6}k=@"
28411064-5276-3753-b00b-9d42dc8108b1,Dr.,Wellington,Koepp,"47/18 Goldner Harbor","Apt. 690",Malaybalay,Arizona,Gambia,687-457-477,"(0916) 938-9336",Johns-Krajcik,robel.net,"Advertising Sales Agent",RosyBrown,2021-02-25,kunze.sebastian@gmail.com,wph^2W
0b109627-fd8f-354c-8c5c-80f81c2a0cdb,Dr.,Toney,Welch,"62 Legros Road","Suite 505",Panabo,Kentucky,Guadeloupe,505-359-811,"+63 (933) 387-2053","Reichel and Sons",effertz.com,"Sports Book Writer",DarkSlateBlue,1972-01-20,christine.kreiger@pagac.org,V8~fQojN
601937b6-e650-3014-80fe-25e01f50e725,Ms.,Sigurd,Cummings,"20 Bashirian Station","Suite 509",Laoag,California,Indonesia,106-579-239,"(0910) 051-4321","Collins, Witting and Mante",lockman.com,"Electromechanical Equipment Assembler",Beige,1980-02-20,felicita55@powlowski.net,PW0N|:
771699a0-2345-3aa7-a8ce-30ba8e4f8976,Mr.,Price,Kuhic,"60/56 Halvorson Port","Suite 266",Taguig,Utah,Indonesia,044-633-038,"+63 (934) 954-3752","Kulas, Murray and Stokes",macejkovic.net,"School Bus Driver",DodgerBlue,1978-03-10,tremaine42@hotmail.com,+Z>A-oNNypF3R3B%
2e60cf0c-705d-3e15-9cfc-7ddb1348ab35,Dr.,Fernando,Mayert,"72/85 Ryan Mission Suite 683","Suite 052",Vigan,Alaska,Nigeria,049-269-031,"+63 (912) 887-1151",Hermiston-Orn,waters.com,"Tax Preparer",Salmon,2018-06-02,windler.hadley@hotmail.com,I=d88D2@F3TSzz:F
383d9c06-d708-3369-b3d3-6e876ee3798b,Mrs.,Raymond,Bednar,"50 Volkman Stream","Suite 183",Olongapo,Idaho,"Libyan Arab Jamahiriya",712-623-393,"(0940) 792-6020",Bednar-Wolf,greenfelder.com,"Art Teacher",Cornsilk,2017-02-10,janelle67@hotmail.com,qq%r</e<2B]
539a3f39-74fd-3965-8567-9a183b374e78,Dr.,Marcia,Collier,"55A Bogisich Lakes","Suite 077",Passi,Indiana,Haiti,132-854-944,"(0931) 939-0121","Smith, Hoppe and Corkery",gibson.biz,"Rotary Drill Operator",Aqua,2015-06-04,gregg.wyman@yahoo.com,`O2S{5O_
042b12f2-8671-3bd7-b6d9-aa646b8df865,Dr.,Janiya,Dibbert,"70A Quitzon Club Suite 014","Apt. 423",Pasay,Tennessee,Cyprus,770-775-645,"(0919) 737-4258","Bogisich Ltd",lang.com,"Truck Driver",Wheat,2015-06-21,felicita64@hermann.net,'=H~h''7
e1197cc7-8338-3996-b903-3b98f1c3cdc2,Miss,Rosanna,Kunde,"40 Reichel Knolls Apt. 177","Apt. 625",Marikina,Michigan,Serbia,719-961-524,"(0947) 596-2382","Bruen, Marquardt and Auer",halvorson.org,"Hazardous Materials Removal Worker",MidnightBlue,1985-03-19,jbarton@jacobson.biz,cIV./?
f336328b-60b6-36c4-8dc7-00322db8d92f,Prof.,Hayden,Cole,"21 Waters Fort Apt. 756","Apt. 481","San Jose",Tennessee,Philippines,945-483-253,"+63 (910) 553-4238",Adams-Carroll,abernathy.com,Epidemiologist,MediumVioletRed,1986-09-30,goyette.winfield@hotmail.com,n3sSN]m
3d59d498-1bc6-3358-94e9-8d4b0a6d4588,Ms.,Hilma,Luettgen,"73A Bins Drive Suite 606","Suite 839",Victorias,Wyoming,Estonia,556-571-035,"(0949) 524-7905",Wilkinson-Casper,mills.com,"Taxi Drivers and Chauffeur",IndianRed,1986-03-11,darlene04@mann.com,<eWl[/@#A+el=1pDpf
c740b2ca-1550-335a-b9ce-0029d9d74fcc,Prof.,Ashtyn,Medhurst,"15 Witting Ranch Suite 589","Apt. 744",Talisay,Minnesota,Ghana,595-441-145,"+63 (947) 984-4902","Wilderman Group",monahan.com,"Numerical Tool Programmer OR Process Control Programmer",SlateGray,1978-05-01,ywilkinson@murazik.biz,"AzG?,D("
293ab645-9d87-3110-9ca6-2163364f8362,Prof.,Jalyn,Hand,"47A/71 Ebert Branch Apt. 045","Apt. 141",Himamaylan,"New Mexico","Faroe Islands",596-966-668,"+63 (997) 438-1234",Macejkovic-Nikolaus,kuhic.com,"Infantry Officer",LightSlateGray,1979-01-12,precious.kiehn@harris.com,5rRxmoE:bA
87e31f3d-a2e7-305e-aa60-515ca42f2379,Dr.,Rhiannon,Rippin,"67/12 Wintheiser Curve Apt. 804","Apt. 140","Cotabato City",Wyoming,Paraguay,891-346-617,"+63 (921) 559-5156",Pouros-Dare,prohaska.net,"Commercial Pilot",Moccasin,2022-03-05,wisoky.cleveland@yahoo.com,pt&Erejj4=6#+
62dfdb14-855f-3935-be31-13607878b572,Prof.,Ada,Kuvalis,"39 Conroy Fields Apt. 899","Suite 015",Butuan,Arkansas,Argentina,930-838-344,"(0925) 813-4389",Hammes-Balistreri,halvorson.com,"Nursery Worker",NavajoWhite,1998-06-20,okon.beryl@rowe.com,8:by$oz/4l?2
379966df-0a1c-34c8-bf91-41da3e997d9b,Dr.,Hulda,Botsford,"25A Feeney Village Suite 568","Apt. 599",Tangub,Missouri,"Saint Lucia",319-304-590,"+63 (911) 304-1235","Heaney PLC",collins.net,"Extruding and Drawing Machine Operator",DarkSeaGreen,1994-08-23,rebeca.purdy@bashirian.com,U*Bf*X
7284625e-97e4-39ef-a55c-7e408905e28e,Mrs.,Darlene,Anderson,"21 Hansen Rapids","Suite 533",Lucena,Tennessee,"Burkina Faso",926-783-936,"(0925) 843-0088",Cummings-Kozey,hauck.biz,"Drycleaning Machine Operator",Thistle,1994-09-03,padberg.elda@yahoo.com,!+I[D8jZ+~9)pqLzOQ
b415d7d8-0401-30e0-9f40-ae95031d76ea,Mr.,Santa,Russel,"21 Murphy Springs Suite 775","Apt. 942",Escalante,Hawaii,Eritrea,400-961-516,"(0978) 562-5364","Luettgen PLC",mcclure.com,"Audio-Visual Collections Specialist",PaleTurquoise,1992-12-13,lisandro41@dubuque.com,5V&bjS@KFulT:bg
e67bf98c-d29a-34d3-9f63-ededf239df16,Mrs.,Johanna,Keebler,"30/41 Lang Mountain","Apt. 961",Taguig,Hawaii,Canada,424-758-876,"(0947) 373-6240",Dietrich-Boyle,ziemann.biz,"Electrolytic Plating Machine Operator",Gold,2008-01-17,jasen47@yahoo.com,"vS5l-K,`=v75"
8932ade9-f828-3297-8c72-de5214935122,Mr.,Annabel,Hoppe,"31A Ritchie Islands","Apt. 731",Makati,Texas,Mongolia,808-519-942,"(0939) 445-6621",Hermann-Brown,kuhn.com,"Industrial Equipment Maintenance",LightSalmon,1999-12-13,floy35@yahoo.com,EkOsv!.(=:In
c11ef2f4-8c8c-3a51-a09f-c4d29bfd1f35,Mrs.,Jany,Keebler,"27/57 Schmitt Crescent","Suite 678","Cebu City",Nevada,"French Southern Territories",592-986-219,"(0934) 570-4804","Okuneva, Labadie and Lakin",nitzsche.biz,"Merchandise Displayer OR Window Trimmer",Ivory,1996-05-27,muller.elliot@yahoo.com,"Dg`*@iwA\q/qv."
0817baba-f2e4-3d1e-9fbe-06a5a2b373c7,Dr.,Kolby,Gusikowski,"90A/56 Hodkiewicz Light","Suite 558",Valenzuela,Massachusetts,Monaco,791-883-067,"(0989) 656-8158",Torphy-Schuppe,adams.info,"Hoist and Winch Operator",MediumOrchid,1980-12-09,bpadberg@boyer.info,"\gIrb9."
587f6917-8647-3e88-8288-ecf8a779bc62,Prof.,Maritza,Cummerata,"05A/00 Watsica Center Apt. 460","Apt. 795",Kabankalan,Connecticut,Spain,559-201-027,"(0938) 369-1349",Welch-Pacocha,wehner.com,Anesthesiologist,Magenta,1974-08-05,lehner.margret@beier.org,Cobr-C
6b61763f-0e7d-337b-85c4-039e8e88e472,Dr.,Wellington,Yost,"11A Beahan Rapid","Apt. 666",Dagupan,Nevada,Lebanon,760-545-752,"+63 (949) 453-8352","Kuhlman, Batz and Klein",blick.com,"Rotary Drill Operator",PaleTurquoise,2003-11-16,hector95@crist.com,[??M.lAfrmjE70;-L4$5
6d8a8572-3432-3f70-9352-65f12bfdb5fa,Miss,Bailey,Hauck,"66A/64 Reynolds Vista","Suite 041",Bayugan,Pennsylvania,"Equatorial Guinea",620-989-045,"+63 (921) 981-6993","Altenwerth, Yost and O'Reilly",konopelski.org,"Textile Knitting Machine Operator",Plum,1983-08-04,lleannon@hotmail.com,0m51Fj^f0t2gZa
73717144-1888-3678-a926-2b563f871956,Dr.,Emil,Kozey,"18A/82 Smitham Point Suite 724","Suite 089","Las Piñas","West Virginia",Martinique,845-307-417,"+63 (948) 334-8016","Jerde, Bode and Marvin",larson.com,"Space Sciences Teacher",SlateGray,2011-07-08,kerluke.kirk@yahoo.com,s/{kd%sCiu
bc74c182-fdfa-3c4f-9903-59620d6730d8,Dr.,Rudolph,Terry,"57A/72 Dicki Cape","Apt. 772",Santiago,Oklahoma,Estonia,185-263-986,"+63 (909) 341-2867","Stark Group",beatty.info,"Wind Instrument Repairer",MistyRose,1990-01-09,ayden.champlin@gmail.com,",Z(}!bA{J/B^&tLX0\"
9344b906-0ad7-3f9e-a05b-07d1d557f0ee,Prof.,Cheyenne,Kertzmann,"37 Bogan Mission","Suite 677",Iligan,Kentucky,Tonga,866-317-138,"+63 (980) 138-2766","Hauck LLC",okeefe.org,Podiatrist,DarkTurquoise,1986-04-24,idickinson@becker.com,$%tC[l:
9cc9ffaf-7130-3552-8fad-33e03c1356e5,Prof.,Christiana,Schimmel,"89/66 Runolfsdottir Turnpike","Apt. 042",Tacurong,Nevada,Argentina,805-520-177,"(0946) 416-6525",Nitzsche-Hegmann,friesen.com,"Costume Attendant",Snow,2022-02-20,egleichner@bernhard.net,qp0&goiK;)3
a6b66e6e-779b-3148-86d5-0f1ea56bd560,Prof.,Madyson,Torp,"87 Kuhic Summit Suite 534","Suite 949",Tanjay,Georgia,Djibouti,203-254-295,"+63 (920) 449-7654",Gottlieb-Auer,ondricka.com,"Computer Repairer",PowderBlue,1978-10-08,xfay@sauer.net,":>NfZ|k""Y#$rUbg~Nuq"
364bfc05-b021-3551-9539-7cf89df6038a,Mrs.,Margarete,Stroman,"91/47 Hegmann Spurs Apt. 210","Apt. 142",Naga,Iowa,"Slovakia (Slovak Republic)",289-913-032,"+63 (942) 449-9263","McClure Group",predovic.biz,"Home Health Aide",GoldenRod,1988-11-13,robert.harris@hotmail.com,"H9""e1>rX"
a42398c7-8930-3645-9e11-5ff8ae54f597,Ms.,Ashlee,Ryan,"00A Powlowski Meadow Suite 256","Suite 546",Laoag,"New Jersey",Japan,304-194-373,"+63 (937) 421-1076","Russel LLC",orn.com,"Mining Machine Operator",Maroon,2005-06-16,rowan.hammes@hotmail.com,"/67""5f}"
70c00f05-5dba-3cd8-9182-7eadc1ec8ede,Dr.,Kiera,Jast,"81A Russel Trafficway Apt. 729","Suite 080",Santiago,"North Carolina","United Arab Emirates",193-314-424,"(0921) 736-2751",Wisozk-Towne,thompson.com,"Police Detective",IndianRed,1998-02-11,brigitte31@hahn.com,@Y9Xn2~YA&'Z.UBnB
db0b4fdf-976a-3495-9cf2-c92005ba13e9,Mrs.,Evan,Jacobs,"71A Conroy Rapids","Suite 972",Baguio,Indiana,"El Salvador",837-247-850,"+63 (906) 085-8426","Cummerata, Fritsch and Renner",crooks.com,"Textile Worker",GhostWhite,1979-06-02,bartoletti.gia@gulgowski.com,bLYQj74ja
fac2a0a3-0d39-397d-bf43-a9680cca786f,Prof.,Darion,Grant,"57/62 Hickle Viaduct","Apt. 443",Silay,Ohio,"Antigua and Barbuda",631-603-277,"+63 (997) 739-9013","Hudson, Streich and Schulist",shields.com,"Entertainment Attendant",SlateBlue,2021-10-21,rokon@yahoo.com,%bN-s/:A
a2831f5d-4092-3d0c-b850-dc8adf6d7db0,Mrs.,Percival,Block,"40 Smith Bypass","Suite 572",Tabuk,Alabama,Yemen,536-053-411,"(0927) 502-8432","Zieme, Treutel and Hartmann",ledner.net,"Carpenter Assembler and Repairer",Aqua,1976-04-09,tdoyle@hane.org,"r9ezYLD""i]vQT7"
9518b8a9-d278-391d-815b-ec6fe071f227,Mrs.,Eve,Klocko,"67 Lang Trail Suite 722","Suite 428",Calbayog,Nevada,Benin,380-321-978,"(0949) 437-1148","Bernhard PLC",haag.com,"Ship Mates",Sienna,1978-11-29,virginie.vonrueden@grimes.com,:X&Rl$mYo
02f1dd7e-8c14-399a-8a0a-b8c8fa61d7d6,Prof.,Angel,Schmitt,"95 Bergstrom Shoals","Suite 974",Dapitan,Georgia,Mozambique,872-331-098,"(0927) 852-1335","Pacocha Group",daniel.info,"Sewing Machine Operator",Snow,1983-12-02,gcassin@kunze.com,dDDOjs-jf<X>
fbcf88dc-152c-3156-aca3-dc472ac28528,Dr.,Glen,Rohan,"87A/73 Crooks Viaduct","Suite 963",Toledo,Connecticut,Iceland,131-126-178,"(0947) 310-0959","Nolan, Berge and Bartell",williamson.info,"Computer Security Specialist",DarkGoldenRod,2003-02-01,williamson.gaylord@johnston.net,Fql!<Sv
6fcd9419-7696-3eba-ae5a-8c958b743a15,Prof.,Lyla,Murazik,"94 Balistreri Overpass Suite 263","Apt. 194",Ilagan,Indiana,Zimbabwe,318-137-638,"+63 (943) 869-6765","Koelpin LLC",shanahan.info,"Real Estate Sales Agent",FireBrick,2014-05-16,wilbert95@hayes.com,"33r%2ZC,6b=X/tn"
b0a3756a-0866-3b73-80e4-054e18d7c9ea,Mr.,Luis,O'Kon,"13A/05 Kuhn Highway","Apt. 673",Palayan,"New York","Antarctica (the territory South of 60 deg S)",362-620-729,"+63 (994) 600-4577",McDermott-Hauck,kiehn.com,Physician,MediumSpringGreen,1985-07-18,kiehn.frida@yahoo.com,`#X4U^&Jz8&l2
b14bb35c-960d-3dea-9d96-9d96243dda53,Prof.,Elvis,Price,"17 Quigley Springs Suite 278","Suite 529",Ozamiz,"New Jersey","Czech Republic",426-193-998,"+63 (997) 125-5512",Stokes-Willms,baumbach.net,"Crane and Tower Operator",Beige,2017-12-31,vschulist@gerhold.net,AM@^bn{27?[=[lY1J
874b4fd1-8989-345d-b9ed-74b2e617b35b,Mr.,Sammy,Zemlak,"98A/05 Tillman Views Apt. 592","Apt. 088",Tagbilaran,Delaware,Palau,407-130-951,"(0937) 121-8526","Gerlach, Maggio and Kessler",keeling.biz,"Makeup Artists",BlueViolet,1991-03-10,cbechtelar@yahoo.com,js1ZkTYXU$3)*
6715b7fb-3ee4-3b19-9ed4-0eddde21a600,Dr.,Elza,Harber,"95/76 Spencer Lights Suite 730","Suite 067",Antipolo,Georgia,Guatemala,135-944-262,"(0929) 343-1479","Medhurst, Herzog and Rempel",mann.net,"Order Filler OR Stock Clerk",Sienna,1996-01-12,bruen.chanel@smitham.net,"XU,T`$=55#Y"
441f4d75-ea40-36a1-be1f-351200585b5f,Mr.,Elena,Wilderman,"33 Grady Mills","Suite 354",Parañaque,Arizona,Gabon,451-872-297,"(0918) 417-5226",Murray-Legros,witting.com,Biophysicist,Turquoise,2020-12-30,ucarter@rodriguez.biz,D4)DC~.>
751ccefa-e6d7-3c52-87bc-b7a7377290f6,Miss,Alice,Roberts,"73 Marvin Stravenue Apt. 479","Apt. 373",Talisay,Idaho,"Bouvet Island (Bouvetoya)",932-935-182,"+63 (938) 668-9868",Waelchi-Hickle,walker.net,CSI,DeepPink,1989-02-20,corwin.hollis@gmail.com,"""Trn?!(*/"
2ca0d507-c5db-3f54-9f79-a39c73f11e1a,Prof.,Lera,Ritchie,"81A Wilderman Cliffs","Apt. 639",Baybay,Maine,Cameroon,046-318-723,"(0912) 659-2661","Morissette Inc",mckenzie.biz,"Shipping and Receiving Clerk",MediumTurquoise,2020-06-12,gschroeder@hotmail.com,"@YQZ\8W+;C9_AwI]2m"
6084bcec-2331-3edb-957d-f2f35ce60987,Mrs.,Wayne,Roob,"59A Huels Burgs Suite 266","Apt. 611",Dipolog,Massachusetts,"French Polynesia",278-661-866,"+63 (937) 185-4313","Breitenberg, Labadie and Moore",bode.info,"Office Clerk",Peru,2002-12-28,rosina.stroman@yahoo.com,"'atYGAK<{T$4pjBPo""?"
1a13f1be-e728-335d-9917-c7f937f5cd41,Dr.,Vita,Abbott,"58/85 Grady Parkways","Suite 870",Isabela,"New York","Holy See (Vatican City State)",819-519-152,"(0978) 095-9946",Deckow-Dicki,cummerata.info,"Agricultural Crop Worker",Thistle,1974-02-12,cedrick.stehr@yahoo.com,ixyb1'39~t{`#l7=Bb
9f19912a-20e8-3dad-9742-b27914f20c7b,Dr.,Lorine,Homenick,"96/15 Tillman Rest","Suite 962","Santa Rosa",Connecticut,Suriname,234-084-308,"+63 (978) 666-1353","Greenholt, Oberbrunner and Murphy",kilback.net,"Sales Manager",BlanchedAlmond,1971-05-05,drake82@hotmail.com,"lr;ve\^;v*n'J*c"
ba0eef2d-896a-37f0-ada3-762748b63ede,Dr.,Felix,Corkery,"13 Hickle View","Apt. 276",Cauayan,Ohio,Finland,418-621-036,"+63 (939) 777-6442",Pollich-Kuphal,wisoky.com,"Drywall Installer",SteelBlue,1974-09-04,axel.torphy@yahoo.com,AgmH!.H+![P
5c6fa406-d754-3727-a7da-30635ae029d6,Prof.,Evie,Champlin,"82A/52 Mills Spur","Suite 341",Koronadal,Hawaii,Oman,156-347-614,"(0971) 249-9089",Schumm-Harber,grant.com,"Radio Operator",MidnightBlue,1995-04-04,myrtice.mayert@emard.com,"Op,Kz.geWi@:kRv-fh]"
f91190a9-2d5c-316b-be0a-d290a18ebd91,Dr.,Benedict,Brakus,"51 O'Kon Square Apt. 133","Suite 840",Bacolod,Delaware,Aruba,076-769-858,"+63 (974) 828-0995","Bailey, Ritchie and Rolfson",spinka.com,Welder-Fitter,Gainsboro,2011-08-04,hmonahan@tremblay.info,"`lKX5-NY5ZhoR1""r5P"
411956b9-b735-3bf4-bef9-8b347ab3df65,Ms.,Sandra,Grady,"73/38 Mosciski Road","Suite 904",Kabankalan,"South Dakota",Albania,381-486-336,"+63 (929) 667-1186",Dickens-Trantow,becker.com,TSA,DimGray,1999-09-13,leannon.anibal@hotmail.com,"""3&Plo"
8c701aed-d1a1-3af8-9f00-e488cfa687ab,Miss,Lewis,Hansen,"96A/71 Kreiger Forks Suite 573","Apt. 254",Pasig,Virginia,Finland,214-658-939,"(0908) 522-4617",Wilkinson-Keebler,terry.biz,"Credit Authorizer",DarkMagenta,1977-06-07,krajcik.amya@hotmail.com,0BE>[KTktW{Fy&fb
28ce95bb-e345-3cd0-a49c-08913a17c380,Prof.,Dan,Mayert,"76A/41 Blanda Radial Apt. 370","Apt. 168",Escalante,"North Dakota","Christmas Island",087-957-166,"+63 (909) 962-7429","Senger and Sons",lind.info,"Material Moving Worker",SteelBlue,1989-09-16,strosin.shaun@swift.com,m#5*O/<0*>Cp%Laa.8HO
fe51643c-74ec-3699-a4b7-578aa85bf7be,Dr.,Tiffany,Hegmann,"02A Kshlerin Island Apt. 433","Apt. 913","Sorsogon City",Maryland,"Cocos (Keeling) Islands",063-474-692,"+63 (925) 157-8212","Hyatt PLC",altenwerth.com,Hydrologist,MediumTurquoise,2011-05-30,jbednar@oconnell.net,?3t>?Ysd@NV%aKJ/
69330bd9-2bf6-3b54-919f-ebdfda338396,Dr.,Holden,Mertz,"30 Kuphal Grove","Apt. 233",Tanjay,"New Mexico",Japan,219-291-101,"+63 (933) 400-5798",Wuckert-Stoltenberg,bailey.net,"Hand Presser",DarkSlateGray,2017-03-04,dedric.hammes@howe.biz,"p]vvN5&kz""IY>Z((7!8:"
c10b7af2-3399-3ad7-9962-cd45978b1ffb,Mr.,Guido,Becker,"58/15 Zulauf Trail","Apt. 973",Panabo,Washington,Iran,667-452-186,"+63 (817) 139-7951","Barton, Kuhn and Haley",wisozk.com,"Biological Technician",MediumTurquoise,1990-08-10,trystan.wuckert@veum.com,"sf\MnD#VwOStZ%i^H="
78700897-e6ac-3083-8f21-de9302aa2f09,Dr.,Alexandrine,Hermann,"86/72 Wilkinson Plains","Suite 852",Cabanatuan,Oregon,"Turks and Caicos Islands",100-081-530,"+63 (940) 329-5372",Hansen-Ullrich,heaney.com,Archivist,Tomato,1998-09-03,bstrosin@kunde.org,wq8cdt`1gGdPQg33y&G
1fbe1a63-5c3f-3118-aaf7-eea898b0e54b,Dr.,General,Mills,"53 Stracke Rapids","Suite 277",Cabanatuan,Kansas,Kiribati,249-638-497,"+63 (925) 268-7455",Reinger-Frami,mills.net,"Transportation Attendant",Salmon,1970-07-11,hkunde@zulauf.com,"H&~&*@]A\T?UnGkkK|\w"
f0727b24-43a5-311f-9dcf-cd517435c8d7,Dr.,Kurtis,Nicolas,"25A Quitzon Manors Apt. 985","Suite 528",Cadiz,"North Carolina",Guatemala,022-175-773,"(0918) 660-5488",Schoen-Daniel,harvey.com,"Industrial Production Manager",Magenta,1970-06-18,tyrique.wolff@stiedemann.org,W6r2}h
5eccfdcf-c662-360b-8f34-2d75c8b299b1,Mr.,Lizzie,Ferry,"60A/98 Larkin Centers Apt. 272","Apt. 498",Balanga,"New Mexico",Mauritius,420-745-724,"+63 (817) 837-4777",Wolff-Hyatt,hodkiewicz.com,"Forestry Conservation Science Teacher",OldLace,1985-01-18,bernie.beahan@gmail.com,bWT%{>KIr'w1D
79cde927-af3e-33e5-ab36-40d970e80b57,Mr.,Sonya,Fahey,"37A Smitham View","Apt. 893",Maasin,"North Carolina",Romania,590-997-195,"(0939) 427-6948","Morar and Sons",auer.com,Cabinetmaker,DodgerBlue,2003-01-13,adele.gulgowski@gmail.com,!c*6e[
d0aa927a-a1dc-374a-b681-2f0a757f19ab,Dr.,Josefina,Walker,"38/13 Waelchi Extensions","Suite 997",Palayan,"North Dakota",Guernsey,280-855-467,"(0936) 185-1849",Harvey-Hoeger,wiegand.com,"Life Scientists",Salmon,1970-03-16,serena.streich@gmail.com,"sxkm=)9|0IP<>{&7kG""|"
3b8fd810-d562-3a9a-b66e-0a1f83465a5c,Prof.,Hildegard,Jast,"46/11 Kerluke Prairie","Apt. 149",Baybay,Wyoming,Morocco,948-090-443,"(0905) 711-1608","Dooley, Bergstrom and Bayer",langworth.net,"Audio and Video Equipment Technician",Plum,1991-02-21,veronica64@yahoo.com,nQc_r11/8gcG#7
df46e49d-39cb-34b7-afe5-90995e85e1de,Dr.,Elyssa,Buckridge,"63 Jacobson Wells","Suite 354","General Santos",Pennsylvania,Venezuela,121-619-954,"+63 (974) 805-0991","Hamill, Lakin and Sauer",hartmann.org,"Carpenter Assembler and Repairer",SeaGreen,1996-12-13,hansen.breanne@prohaska.com,"~hONQ'PK,-lPW~b@i9\"
108e3ba9-4833-3862-802a-74eb39a4e5c4,Prof.,Eleanora,Volkman,"05A Hammes Valleys Suite 037","Suite 522","San Carlos",Maine,Norway,632-567-697,"+63 (930) 895-1885","Welch, Zulauf and Wehner",rodriguez.info,"Streetcar Operator",Black,2010-03-05,botsford.noe@daniel.com,k`/9p:1mtR|I~
1a0e8be9-44bc-3605-8a28-566bc1a6808b,Dr.,Filiberto,Ullrich,"23A Conn Spring Suite 677","Suite 341",Carcar,Louisiana,Liechtenstein,626-476-077,"+63 (817) 784-7328",Kutch-Bosco,parker.com,Cabinetmaker,FloralWhite,1998-10-23,cschoen@gmail.com,:C9%}pW_!@=:%6c&
bb08f0d8-613f-3f9a-a95f-0d1b19dec625,Prof.,Ally,Jacobson,"21 Hackett Dam Suite 422","Apt. 525",Bayawan,Missouri,Uzbekistan,384-746-145,"+63 (925) 222-9107","Crist Group",connelly.com,"Music Director",Aquamarine,1976-02-21,dortha20@gmail.com,(v^eQJ*
062a2df7-dc6d-3bb2-b67b-47bab0dad733,Prof.,Marty,Olson,"87/35 Blick Shores","Suite 657",Valenzuela,Ohio,Zimbabwe,389-927-371,"(0977) 141-6023","Reichel, Reynolds and O'Connell",swift.com,"Probation Officers and Correctional Treatment Specialist",Salmon,2023-03-04,irving07@kub.com,"]'O""(}"
c7849f83-0f75-3f0c-ba04-d6bc4b77b1c0,Dr.,Hugh,Daugherty,"69A Hickle Dale","Suite 458","Santa Rosa",Georgia,Jamaica,282-942-972,"(0940) 172-3001","Adams, Donnelly and Huel",osinski.net,"Financial Services Sales Agent",Black,1984-01-12,chanel.kohler@yahoo.com,Vh`Dc8RZ/Tn}E
7ae42971-221b-3b00-a054-2b2ae0610bdc,Miss,Miguel,Kemmer,"36 DuBuque Flats Suite 759","Suite 087",Gingoog,Florida,"British Indian Ocean Territory (Chagos Archipelago)",331-083-688,"(0973) 840-6877","Koelpin Group",jacobson.info,"Train Crew",Yellow,2005-05-10,wcollins@pacocha.com,7UQ1BAE%iqQzP
da7d170a-5b56-3bdf-afe3-808f85cc5a09,Mr.,Davion,Stanton,"18A/88 Lehner Creek Suite 615","Suite 049",Pasig,Hawaii,Brazil,363-037-973,"(0813) 742-7566",Conroy-Ruecker,bogisich.com,"Electrical and Electronics Drafter",LightPink,2015-06-07,rosie36@macejkovic.biz,"~:,NS9"
9d00d729-55d4-3557-9e9a-369977f2b947,Dr.,Adan,West,"90A/19 Anderson Creek Suite 080","Suite 397",Cabadbaran,"New Hampshire","Saint Vincent and the Grenadines",851-669-435,"(0931) 638-0200","Jones PLC",hyatt.info,Landscaper,Chocolate,1987-11-11,jennifer.schuppe@friesen.org,@5Tv4[;3)
2c9ff920-dd8d-3de3-a88e-1762bd5fbd1e,Ms.,Consuelo,Schinner,"35/41 Stamm Unions Suite 440","Suite 621",Danao,California,Korea,297-048-174,"(0944) 372-7990","Boyer, Murazik and Cronin",larson.com,"Personal Financial Advisor",Turquoise,2024-07-25,camila44@oberbrunner.com,RakM'F:~4YE`vlEZds
6dcf930f-2501-38ee-9105-bcdc8a298f26,Dr.,Karelle,Herzog,"78 Torphy Via","Suite 893",Maasin,Alabama,Sudan,362-901-023,"(0946) 630-5748",Parker-Blanda,johnston.biz,"Communications Equipment Operator",LightGray,2001-06-11,everett17@bechtelar.com,;S<{XG&lsbw9b[^2?jYG
40204477-ecf8-3d76-a67f-90333ff9163a,Dr.,Leanna,Frami,"66 Collier Wells","Suite 656","El Salvador",Wisconsin,"Palestinian Territories",758-508-223,"(0932) 956-1460","Schmitt PLC",walker.net,Auditor,DarkSlateBlue,1977-04-30,lynch.eldora@nitzsche.com,B6&>GgH$qOe
ae39f719-7c41-3eec-bb2a-c733dc41a1d1,Mr.,Melisa,Rau,"91A Hermann Lakes","Apt. 224","Surigao City",Maryland,Luxembourg,634-343-537,"+63 (943) 332-1348","Krajcik, Lesch and Mosciski",huels.biz,"Agricultural Sales Representative",Azure,1978-06-30,cielo08@hotmail.com,cQ'ipYejDQ
442e5cc7-9aad-3acf-abab-91168a6c1ed1,Dr.,Virginia,Breitenberg,"29A King Fort Apt. 702","Suite 213","Cotabato City",Minnesota,Zambia,041-944-544,"(0997) 664-5553","Ferry PLC",stokes.info,"Refinery Operator",Sienna,2011-03-31,xmuller@johnston.com,"kNn[`s>>,H"
cd2f8e44-c578-3e5f-964c-db235211a650,Dr.,Ole,Fadel,"24A/55 Barrows Ferry","Suite 332",Urdaneta,Maryland,Serbia,380-369-856,"+63 (947) 615-3970","Moen and Sons",rutherford.org,"Psychiatric Aide",LightSkyBlue,1983-06-08,kessler.shanelle@powlowski.biz,!|vXD!h2g&w^^d
5b7e8936-1a0c-30e3-86a0-932a7ef99813,Mr.,Ivory,Keebler,"41 McLaughlin Garden","Suite 377",Bacolod,"North Carolina",Malaysia,412-864-085,"(0999) 292-6375","Batz and Sons",kunde.org,"Social Science Research Assistant",CadetBlue,1991-11-18,carolina.vonrueden@hotmail.com,fjx;(|*m<{0y0!${/
0579111b-7691-333f-b53c-26f396a6513c,Mrs.,Shany,Abshire,"34/29 Cummerata Throughway Apt. 326","Apt. 855",Ligao,"South Dakota",Croatia,186-828-918,"(0817) 361-3821","Zboncak LLC",nader.com,Dancer,DarkTurquoise,2010-08-22,clifton58@okuneva.org,"@:Azr?czDCgztJ{""S"
7430abe6-180c-3bd1-a104-6f20f365f0dc,Mr.,Floy,Boyle,"69/67 Gutkowski Roads Suite 780","Apt. 552",Tabuk,Minnesota,Singapore,226-900-958,"+63 (998) 236-6059",Williamson-Kunze,weber.net,"Soldering Machine Setter",SeaShell,2011-10-02,little.maryam@gmail.com,"BbDJCQX:n\o2}?;47s>"
45024bae-6f20-3a9e-8c6a-db4f7fd48df7,Mr.,Brooks,Swaniawski,"48 Kassulke Mission","Suite 907",Calamba,Kentucky,Myanmar,250-202-595,"(0974) 269-8204","Volkman Inc",towne.org,"Food Cooking Machine Operators",DarkSlateGray,1979-07-18,sofia85@spencer.org,cq]cMHG%0
24b8026f-3339-3f92-99d2-ca3f0fe23b6c,Prof.,Grayson,Lubowitz,"80/10 Zemlak Shores","Apt. 621","Batangas City",Hawaii,Kenya,638-497-721,"+63 (942) 761-0743","Turcotte, Runte and Spinka",smitham.com,"Service Station Attendant",LightYellow,2012-04-26,rylee.adams@kutch.com,6w%+W>+<5a946'I:P
4fd438e5-5a15-3c57-9b5f-a67d19e7de46,Mrs.,Jena,Powlowski,"98A/96 Gulgowski Shoal","Suite 987",Tayabas,"South Carolina",Thailand,872-611-344,"(0936) 531-3280","Russel, Steuber and Kunde",hessel.com,"Fish Hatchery Manager",SlateGray,2021-02-27,bernadine21@hotmail.com,6|&]M4lf)Wns8R>8lE
240adaf0-167d-3171-a38b-25a460086468,Dr.,Elza,Wolff,"38A Treutel Harbor Apt. 557","Apt. 962",Iligan,Iowa,Lithuania,383-141-372,"(0906) 143-0098",Jerde-Mayert,cummerata.com,"Word Processors and Typist",DeepPink,2016-08-30,evalyn82@will.net,g_W%:iWGf%`/R.
